Bedrooms,Bathrooms,SqFt,LivingRoom,Garage,Zipcode,Price,YearBuilt
4,3,1196,610,0,60614,394207,1983
5,1,1050,890,1,10001,429859,1983
3,3,1156,724,1,77005,393890,2019
5,1,1759,646,0,77005,426262,1984
5,1,3687,499,0,77005,683214,2022
2,2,1956,607,1,94102,402118,2021
3,2,3866,836,0,77005,634341,2021
3,2,2656,574,1,10001,518842,2015
3,2,2981,432,0,90210,475866,1985
5,3,1616,962,1,60614,525699,1998
4,3,2974,837,0,77005,628800,2010
3,3,2662,946,0,94102,494172,1985
5,1,1438,849,1,94102,484548,1996
2,3,2237,248,1,10001,462687,2022
4,3,825,385,1,90210,382867,2024
2,3,2413,404,1,77005,451016,1980
4,2,2760,277,0,77005,550893,2023
5,3,2620,680,1,94102,629695,1976
1,1,2051,585,1,10001,312018,2005
4,2,2648,393,0,94102,535906,2020
2,1,2913,302,0,94102,388770,1983
5,3,2114,816,1,90210,541208,2008
4,2,1831,575,0,10001,447392,1982
1,1,2245,486,1,90210,325657,2021
1,3,2335,681,0,10001,418746,2017
3,1,3599,922,1,77005,615479,2006
3,1,905,449,0,60614,254398,1998
2,1,2659,400,1,60614,393167,2000
4,3,2323,735,1,10001,577205,2008
4,3,2289,660,0,60614,524549,2007
3,1,2117,499,0,94102,440994,2023
4,2,1991,677,1,77005,486126,2017
4,2,3584,282,1,77005,641264,1990
1,3,1019,657,0,60614,238635,1995
3,3,3536,890,0,10001,596704,1977
5,3,2818,497,0,94102,650295,2009
3,3,733,563,0,10001,329680,2003
5,3,2630,917,0,60614,637263,1992
1,2,3612,239,0,77005,414030,1985
2,3,2050,824,0,77005,388055,1985
4,1,3696,539,0,10001,623814,2021
1,1,2153,715,0,90210,301739,2011
4,2,3861,307,1,10001,649865,1979
2,1,1764,515,0,90210,319905,2023
2,2,2469,313,0,10001,389280,2007
1,2,2419,366,1,90210,377009,1998
2,1,3305,460,1,90210,475590,2023
5,3,3986,817,1,90210,737515,1988
2,1,1942,423,1,90210,367515,2022
4,1,2064,461,1,94102,478326,2002
4,2,3763,450,1,90210,647033,1995
4,1,2826,725,0,90210,472533,1981
4,2,1679,909,1,77005,458048,1981
5,3,1778,325,1,94102,527198,2015
3,3,2295,405,1,90210,491165,1989
1,3,710,339,0,60614,220356,2025
4,1,2784,261,1,94102,551328,2017
2,2,2879,482,0,77005,447643,2009
4,3,3639,253,1,10001,667775,2025
2,2,1067,545,1,77005,268598,2023
2,2,3379,723,0,77005,474858,1979
4,3,3128,335,0,94102,598095,2000
5,3,3739,529,1,94102,727358,1995
2,2,1413,343,0,60614,305682,2000
2,3,1872,635,0,60614,411832,2003
4,2,1593,481,1,94102,429923,1996
2,2,2631,335,1,94102,447204,2016
2,3,922,688,1,94102,346857,2018
4,1,3569,932,0,10001,595120,1982
4,3,1503,920,1,77005,458836,2001
1,1,2141,600,1,60614,307657,2004
5,2,2599,648,0,60614,545702,2011
5,2,2415,834,0,90210,534465,1985
2,1,3253,827,1,10001,468843,2016
5,2,3076,868,0,94102,649020,2006
2,1,3940,469,1,94102,546680,1985
1,1,747,216,0,10001,100683,1979
4,2,1741,468,1,60614,432427,2003
4,1,1449,681,0,94102,427812,2025
4,3,966,418,0,90210,397482,2024
5,3,3497,518,0,60614,702734,2007
1,2,1689,437,0,77005,302612,2012
5,2,2638,744,1,10001,604838,2018
5,1,3460,484,0,60614,599426,1988
1,1,774,236,1,77005,163072,2014
1,1,2454,302,0,90210,284428,2000
1,1,1187,922,0,10001,228533,1999
1,3,1094,629,1,94102,279867,1997
4,3,3620,991,0,94102,689143,2011
3,2,1737,853,0,77005,408543,1980
3,1,3782,438,1,60614,589876,2025
1,1,2384,940,0,90210,335751,1983
3,2,1770,844,1,77005,426916,1998
3,1,634,324,0,90210,241617,2023
1,1,1598,764,0,90210,284097,2008
3,1,1932,799,0,90210,382713,1992
5,1,3185,809,1,10001,642442,1994
2,1,3397,806,0,77005,455981,1997
2,2,1637,387,0,10001,321245,2001
1,1,973,455,0,60614,165838,2000
4,2,3204,784,0,60614,564570,1987
1,1,2051,993,0,94102,355939,2018
4,3,2351,729,0,94102,547455,2007
2,3,2880,875,0,94102,446210,1979
1,3,1304,591,0,60614,249003,1984
5,3,1162,857,0,90210,496831,2004
3,2,3586,667,1,90210,571892,1997
4,2,3534,452,0,77005,584900,1993
3,1,3373,871,1,60614,535909,1988
3,3,3946,760,1,94102,652986,1981
1,2,2473,375,1,60614,331484,1980
3,1,2723,665,0,90210,459364,1991
5,1,1038,776,1,90210,396297,1983
3,2,2483,488,1,10001,498828,2023
1,3,2579,249,1,10001,359255,2007
5,1,1298,203,0,77005,411268,2016
2,3,1912,830,1,60614,406686,1999
3,3,3562,699,0,10001,624956,2011
1,3,2163,875,1,10001,391973,2015
2,1,3538,422,1,60614,466481,1979
2,3,1291,867,0,90210,348112,2000
4,1,2900,461,0,77005,548964,2002
5,3,3797,884,1,77005,740408,2013
3,1,1800,734,1,77005,390962,1994
1,3,3708,575,1,10001,542948,1989
4,2,3057,260,0,90210,589594,2022
5,3,2234,555,0,77005,602200,2013
4,3,2233,845,1,60614,551679,2017
5,1,726,223,1,77005,355485,1977
5,1,2106,492,0,94102,467710,1992
3,3,1791,756,0,90210,422002,1989
5,2,3239,890,1,94102,636352,1978
4,2,893,555,0,90210,361806,2019
5,1,1966,774,1,60614,495872,2025
3,2,1619,228,0,10001,332863,2014
3,3,2957,556,1,10001,582035,2005
4,1,3309,564,1,90210,558119,2015
2,3,3175,807,1,77005,524858,1982
2,1,3187,608,0,94102,410119,1982
5,1,1018,465,1,60614,360078,1982
1,1,1043,490,1,77005,224486,2012
5,1,1284,766,0,10001,416940,1992
4,2,3487,352,1,77005,605757,1992
4,3,2883,418,1,94102,613093,2001
4,3,2062,372,1,10001,521006,2022
4,3,2861,807,0,90210,616049,2000
4,1,684,834,0,60614,303711,2010
3,2,3441,211,0,60614,531854,2016
2,3,2367,715,0,10001,415686,1981
4,2,684,561,1,90210,370515,2024
1,1,2544,778,0,94102,322132,1991
1,3,2712,856,0,60614,430477,2007
1,2,2269,676,0,10001,392995,2020
1,1,1262,776,1,60614,234112,2007
3,2,1226,281,1,90210,315922,2018
1,3,663,816,1,94102,214233,2012
4,3,3586,892,0,90210,725932,2016
5,1,1518,539,1,77005,500761,2023
1,1,1975,640,1,90210,278779,1988
3,1,1781,816,0,90210,387111,1997
3,2,2212,425,1,60614,458658,2011
1,2,1090,570,0,90210,250910,2003
5,2,2478,227,0,10001,525725,2003
1,1,3896,215,1,60614,457490,2008
3,3,2540,476,0,60614,499187,1980
2,3,912,532,0,77005,259935,2007
4,2,3262,682,0,10001,594696,1998
3,2,1518,765,0,90210,374155,2000
1,3,2482,487,0,77005,419235,2016
4,3,1412,313,0,10001,403647,1979
1,2,3587,237,1,77005,489909,2022
1,2,2089,653,0,94102,342939,2024
2,3,3759,941,0,90210,591053,2023
4,1,1926,365,0,77005,431528,2019
4,2,1279,893,0,94102,440851,2010
2,3,1034,404,1,90210,292881,1995
3,3,1281,444,1,77005,424425,2016
1,3,1758,532,0,77005,339020,2007
5,3,1673,595,1,77005,534581,1998
1,1,2055,706,0,77005,301563,2009
1,3,2987,320,0,60614,415131,1998
3,2,2994,458,0,77005,547931,2007
1,1,3293,921,0,60614,435221,1989
2,3,1970,609,1,60614,407662,2003
2,1,1248,509,1,94102,310232,2006
4,2,844,905,0,90210,390230,2013
5,3,2756,267,0,60614,588540,2013
1,2,3180,313,1,10001,408119,1983
1,3,3761,419,1,60614,556592,2015
3,3,895,419,0,10001,333601,1978
2,3,2759,672,1,94102,547726,2011
5,3,2212,929,0,10001,592161,2009
4,3,3848,948,1,94102,700524,1976
2,1,2990,585,1,94102,434018,1998
4,3,2748,497,1,94102,568902,2007
3,3,3276,805,1,10001,586133,2022
3,1,2227,452,0,10001,412099,2004
1,1,627,604,0,94102,177190,2004
5,1,3584,691,1,94102,667467,1989
4,1,2585,556,0,90210,480042,1987
2,1,2160,627,1,94102,383822,1992
3,1,657,414,1,77005,308415,1993
1,3,2121,579,0,90210,321416,1982
1,3,896,969,0,90210,188578,1984
4,2,2781,951,0,90210,553497,1986
3,3,2896,413,1,77005,554900,1993
5,3,3668,297,0,90210,679703,2014
3,1,3197,727,0,90210,551704,2024
4,1,1501,865,0,10001,389607,1998
4,3,2564,727,0,10001,580486,2016
3,2,1698,909,1,94102,400869,2004
4,1,2277,819,1,94102,478039,2009
3,3,3481,734,1,60614,592707,2000
2,3,1791,753,1,77005,433100,2023
3,2,1370,748,1,10001,380913,2019
3,2,2126,527,1,94102,426344,1982
4,1,1978,364,1,77005,454590,2018
4,2,1848,315,0,90210,417947,2006
1,3,2154,349,1,77005,378371,2014
1,3,745,717,1,10001,236090,1991
2,2,2583,231,1,60614,450102,2009
1,2,1864,856,1,10001,357086,1998
3,2,2507,492,0,94102,424910,1985
4,2,3540,888,1,94102,671496,2016
1,1,2991,376,1,77005,347553,2004
1,2,2372,260,0,10001,340224,1988
2,1,1658,788,1,94102,340146,1993
2,3,3349,615,1,90210,496215,2004
3,2,2648,582,1,90210,469115,1982
4,1,2619,797,1,60614,492808,1989
2,2,752,902,1,77005,276464,2013
1,3,3076,206,1,94102,436101,1999
4,3,1107,284,1,60614,415027,2011
4,3,3797,973,0,90210,717096,2004
1,2,1090,597,0,60614,213575,1996
2,2,944,970,1,60614,256151,1983
1,1,2535,592,0,94102,320147,1986
4,3,2361,246,1,94102,512335,1989
5,2,820,540,0,94102,384268,1992
5,3,2538,697,1,77005,588090,1982
3,3,2542,805,0,60614,508702,1992
1,1,1322,677,1,60614,239918,1978
1,1,3696,625,0,77005,421470,1991
3,1,1127,625,0,90210,291964,1984
3,1,3853,935,1,10001,628244,2007
3,3,2122,990,1,90210,501020,2018
4,1,3488,714,0,77005,601544,1987
1,1,2264,328,0,60614,289588,1993
4,1,3713,448,1,60614,573180,1982
3,1,1080,940,0,94102,282568,1998
1,3,3577,330,1,94102,508896,1989
4,1,2471,939,0,60614,490907,1978
4,3,3519,888,0,60614,693585,2001
3,2,2062,522,1,94102,435714,1990
1,3,2025,742,1,94102,376610,2009
3,3,944,265,1,90210,349296,2002
1,1,644,917,0,60614,171691,2005
5,2,2668,300,0,60614,584148,2024
2,2,2257,230,0,77005,356212,1995
2,2,3741,390,1,90210,491139,1982
2,2,2487,777,0,10001,400707,1993
3,3,3520,614,0,10001,593306,1996
5,2,2695,946,1,10001,576676,2014
1,3,2114,989,0,94102,347552,1982
4,3,3198,913,0,10001,662861,2014
1,3,2934,699,1,77005,462214,1977
4,2,1601,936,1,94102,448351,2002
1,1,1633,794,1,94102,263700,2002
5,1,3189,245,1,10001,601750,2015
4,2,2640,288,1,94102,530232,2013
3,1,3403,897,1,90210,577002,1999
1,1,873,574,1,90210,236584,2018
1,3,1555,900,1,10001,312730,2016
4,3,3247,445,1,77005,628720,2018
3,2,2379,757,0,94102,429480,2006
3,2,980,456,1,60614,338227,2018
5,1,1952,551,1,10001,499982,2017
3,3,1078,772,0,94102,387578,2019
3,2,2662,304,1,10001,506664,2012
3,2,1115,536,0,10001,332345,1998
2,2,790,725,0,77005,241331,2024
5,2,1791,500,1,60614,486585,1983
1,2,3268,276,0,94102,409685,2018
4,2,1760,710,1,10001,509237,2013
1,1,2801,429,1,10001,369456,2005
5,3,2011,878,0,94102,511670,1979
4,3,3880,777,0,10001,678964,1998
5,2,871,231,0,10001,378807,1991
3,3,742,807,1,10001,362214,2003
4,3,2512,257,1,90210,550056,1980
3,3,1692,303,0,90210,411608,2011
1,2,2894,511,1,60614,432273,2024
1,2,3932,845,1,77005,563151,2014
4,3,1387,928,0,94102,453252,1990
4,3,2726,266,0,77005,576275,2023
5,2,2281,889,0,77005,594742,2021
5,1,1222,573,0,90210,416645,2023
3,3,3172,958,0,60614,558619,1979
4,1,3419,434,0,77005,534940,2007
1,3,1537,842,0,77005,362597,2024
5,1,3860,311,0,10001,628716,1982
5,1,1718,588,0,94102,473111,1989
1,1,1216,607,0,60614,202826,2009
5,2,1631,253,1,94102,493794,2012
3,1,666,438,1,90210,257594,1998
4,1,790,951,0,77005,318510,1999
1,1,3415,494,1,77005,461792,2016
4,3,1120,311,1,94102,456088,2023
5,1,1589,287,1,90210,469045,1990
5,3,1740,939,1,10001,553804,1988
1,1,2914,675,1,10001,371949,2001
3,1,2234,503,1,77005,394438,2004
2,2,3132,504,0,77005,474178,1978
1,3,3969,489,0,60614,503404,1987
2,1,1787,407,1,94102,310369,1979
2,3,975,985,1,77005,325428,1996
3,3,1252,781,0,90210,410624,2005
2,2,3939,569,1,94102,578549,1996
2,2,1148,419,1,60614,283138,1998
3,2,1697,430,1,10001,427424,1995
2,2,672,548,1,60614,261064,2000
2,2,2955,454,1,94102,462294,1983
2,2,798,651,0,10001,237697,2004
1,2,3801,341,0,90210,464217,2005
1,2,2381,268,1,10001,371310,2025
1,1,1171,288,0,10001,145523,1989
3,3,1390,335,1,90210,392310,2013
5,2,2238,854,1,77005,587519,2005
2,2,2431,898,1,77005,437635,1980
2,3,2455,722,1,10001,471759,2017
3,1,2110,859,1,10001,491669,2009
2,3,1774,641,1,60614,393916,1979
1,3,3877,237,1,77005,533950,2005
5,2,778,407,1,90210,415978,1995
4,3,2844,409,1,10001,560260,1987
2,3,1334,712,0,10001,343078,2004
1,2,2736,559,1,60614,408338,2014
4,2,1398,776,0,60614,409364,2020
5,2,1387,200,0,60614,454352,2010
4,2,3395,954,1,94102,637081,2000
1,3,3854,580,0,90210,551765,2021
4,3,808,736,1,94102,414057,2017
3,1,1092,593,1,10001,270887,1980
4,1,3801,249,1,60614,630316,1986
2,3,3312,595,1,60614,557924,2012
2,1,3684,952,0,60614,497660,1982
3,3,2257,231,0,77005,410065,1984
1,1,3518,744,1,90210,483067,1996
2,2,1331,911,0,94102,331996,2000
5,1,1729,433,0,90210,430580,1981
2,2,2205,225,0,60614,338067,1997
2,2,3345,753,1,10001,562328,2007
1,2,3770,633,0,77005,465354,1979
4,2,1193,260,0,90210,371869,2018
2,1,3533,752,0,10001,497917,2003
3,3,3499,640,1,60614,603402,1984
4,2,1815,329,0,60614,420577,1991
5,1,924,553,0,60614,302305,1995
1,2,1578,397,1,60614,273642,1991
5,1,2349,998,0,77005,552251,1994
4,1,2450,862,1,77005,511278,2021
4,1,3603,915,1,90210,667261,2010
4,3,2090,893,1,60614,560147,2009
5,1,1493,570,1,77005,451175,1994
4,1,1990,918,1,10001,432618,1988
5,3,3989,346,1,77005,745777,1994
4,3,743,915,0,77005,398148,2006
3,1,983,697,1,90210,279511,1978
4,3,2863,247,0,77005,605476,2024
5,2,2971,969,0,10001,629335,2006
2,2,3686,850,1,60614,534667,1979
4,3,816,371,0,94102,359822,2008
2,3,2115,812,0,90210,433075,2025
3,1,3598,898,0,10001,553700,1997
1,3,2830,514,1,90210,431977,1997
3,1,2917,575,0,60614,477829,2007
4,2,3592,732,0,77005,631281,1982
2,3,2090,619,1,77005,436003,1986
2,1,3517,595,0,10001,480812,2020
5,1,2235,721,0,60614,526139,1982
2,2,3114,386,0,94102,466189,1987
5,3,2952,844,1,94102,625538,1976
1,2,1767,232,0,77005,246702,1980
4,1,710,268,0,60614,313079,2018
5,1,1613,791,1,60614,439749,2002
1,3,831,390,1,10001,236865,2006
2,1,2314,300,1,94102,388910,2012
2,3,2355,684,0,10001,440812,2021
1,2,3242,484,1,90210,403802,1985
2,3,2177,932,1,60614,434272,1986
1,3,1896,589,1,94102,385215,1992
5,1,2820,764,0,10001,570935,2010
5,1,1572,359,1,77005,412409,1981
1,3,1630,753,1,90210,345640,2019
5,1,3826,246,1,10001,706294,2010
5,1,3193,358,1,77005,593151,2019
5,1,3195,645,1,94102,636146,1999
3,3,1117,895,0,94102,374031,2012
4,1,1513,957,0,90210,408455,2012
2,3,2862,722,1,77005,464096,1982
3,1,2781,865,1,60614,479370,1993
5,2,2932,931,1,94102,613124,1993
1,1,3797,354,0,60614,423553,1982
5,1,2544,538,0,60614,492990,2006
4,3,2062,564,0,10001,443721,1979
5,3,2472,994,0,10001,608634,1990
1,1,3333,898,1,94102,492444,2019
4,2,3823,773,1,60614,729546,1994
5,1,2978,347,1,10001,581641,1978
4,1,3786,343,1,77005,628456,2023
2,2,3541,302,0,77005,451527,1987
2,3,1907,292,1,77005,393095,1997
5,1,1498,485,0,77005,401999,2002
4,3,1698,623,0,60614,453806,2004
1,3,1789,318,1,77005,362520,2020
5,2,1812,228,0,60614,461484,1978
2,2,2725,710,0,94102,426418,2002
2,3,3594,229,1,94102,502722,1986
5,1,1287,565,0,77005,419194,2003
4,3,2668,999,0,77005,576463,1988
2,1,1165,337,1,77005,299427,2016
4,1,1807,674,0,94102,379557,2010
2,2,2494,762,0,10001,439864,2015
2,1,3893,591,1,94102,551185,1994
3,1,1426,634,0,77005,301895,1981
2,3,1951,433,1,10001,384816,2020
1,2,2826,254,0,10001,363804,2002
5,1,2411,491,0,90210,514398,1993
5,1,3783,951,1,60614,700109,2014
4,2,1682,511,1,77005,448827,1999
2,3,1950,747,0,60614,410937,1988
1,2,3552,288,1,90210,469613,2008
4,2,2244,411,0,60614,485344,1981
3,1,3316,517,1,77005,512136,1987
4,1,790,956,0,90210,351578,2013
4,3,1823,664,0,60614,464157,1986
2,1,1935,286,0,94102,316096,1996
3,1,1307,608,0,10001,303874,1977
4,2,3706,439,0,90210,625386,1985
1,1,978,899,1,94102,225814,2013
1,3,986,256,1,77005,166784,1992
5,2,2884,312,0,10001,590910,1990
3,3,1215,934,0,90210,339794,1996
3,2,2142,269,1,10001,416512,2001
5,1,2930,938,1,90210,586075,2024
4,2,2648,967,1,90210,587121,1990
3,2,2354,891,1,60614,496296,2008
1,1,1063,383,1,10001,209933,2021
1,1,3901,902,0,10001,525578,2007
2,3,1566,943,0,94102,363390,1984
3,3,771,475,1,77005,341341,2008
4,1,3758,432,1,94102,619302,1994
5,1,1746,253,1,60614,454608,2005
5,1,1442,456,1,90210,428206,2016
4,2,1921,289,1,60614,464767,1989
2,2,2508,937,1,60614,423230,1977
5,2,1289,958,1,94102,445617,2004
3,1,3222,862,1,90210,558447,2013
2,3,2107,634,1,77005,432217,2009
3,1,2812,824,0,60614,528396,2017
1,2,2624,607,1,77005,400120,2002
2,2,2322,468,1,90210,363978,1982
5,1,982,868,0,90210,372796,2012
2,1,2856,565,0,94102,424135,1980
2,2,2012,550,0,10001,380427,2018
2,2,2183,498,1,94102,364883,1989
2,2,2871,358,1,77005,447606,2007
3,1,2650,686,1,94102,493266,1998
1,2,971,936,1,90210,233336,1980
4,2,2310,725,0,60614,509193,1985
2,3,2069,554,1,10001,415504,1996
5,1,1210,820,1,90210,434267,2019
2,3,715,600,0,60614,302231,2000
5,3,3941,604,1,77005,732479,1986
3,2,1046,295,1,77005,315438,1980
5,1,1991,906,1,77005,516084,1980
4,2,3924,769,1,94102,695975,2015
1,1,1940,591,0,77005,268285,2012
5,3,1014,551,0,77005,435386,2005
5,1,3766,865,0,94102,706393,2018
1,2,2408,775,0,60614,398226,2023
4,2,3539,869,1,90210,671363,1998
2,2,1647,976,1,10001,383285,1997
5,1,3310,832,1,77005,626540,2003
1,3,2473,487,0,77005,423522,2008
3,3,1673,722,0,77005,388876,1991
1,1,1317,925,0,94102,257845,2013
3,2,1958,361,1,94102,476279,2014
4,3,3750,816,1,94102,681049,1979
2,2,2205,858,0,10001,338824,1976
1,1,3698,381,0,90210,458332,2021
5,2,2918,748,1,77005,659696,1987
4,3,1161,281,1,60614,421008,2015
1,3,3451,723,1,77005,552789,2015
5,2,2894,203,0,77005,544417,1979
1,1,986,694,0,77005,165186,1984
3,2,1301,754,0,77005,327485,1979
1,1,3206,250,0,90210,422118,1995
1,2,1572,460,1,60614,269081,1995
1,3,1984,333,1,94102,320341,2013
4,1,1583,798,1,60614,477839,2012
1,1,2111,561,0,77005,275699,1977
5,1,951,767,1,60614,397543,1981
3,3,2324,416,1,77005,435062,1984
3,2,2551,267,1,60614,474605,2001
1,3,1879,755,1,10001,349031,1993
4,1,3893,342,1,60614,600074,1993
4,2,2507,545,0,94102,537309,2011
5,3,1352,753,1,94102,478722,2010
1,1,3428,850,1,60614,417833,1982
3,1,1624,784,0,60614,368839,1988
4,3,1145,978,0,90210,433883,2020
1,3,2069,393,1,60614,328682,1982
4,3,678,866,1,94102,393900,2001
4,1,1859,445,1,10001,431711,2011
3,3,2981,513,1,94102,589567,2022
2,1,1488,929,0,90210,325769,2022
5,3,3769,583,1,60614,701917,1996
5,1,1705,964,0,10001,451002,1992
3,1,3149,988,1,94102,516439,1999
4,2,2590,476,1,10001,518531,1995
1,3,2100,271,1,77005,349789,1994
4,3,3412,328,0,94102,610725,1982
3,1,1520,557,1,77005,289491,1987
5,1,1149,897,1,10001,467251,2017
4,1,2661,724,0,60614,490482,1985
5,2,991,419,1,60614,415642,2018
1,2,2957,205,0,60614,421996,2012
5,1,3033,950,1,77005,571688,1993
5,3,3880,823,0,60614,715635,2003
2,3,1980,427,0,90210,431933,2005
2,2,1573,216,0,94102,320026,2014
2,2,3765,784,1,94102,574955,2024
5,1,3764,211,0,10001,657119,2013
3,3,939,797,0,77005,367118,2022
5,1,3244,698,1,94102,636015,2006
3,2,1356,891,0,77005,350932,1976
3,3,1645,833,1,10001,410189,1978
2,3,2938,915,1,60614,538643,2012
4,2,2953,701,0,10001,558189,1996
1,1,3281,269,0,90210,377132,1997
2,1,3799,307,1,60614,511128,2018
2,3,3272,400,0,60614,552581,2014
4,2,1538,251,0,60614,399298,1985
1,3,3944,748,0,10001,555541,1988
5,2,1447,828,0,90210,471175,2000
5,1,1041,458,1,77005,377513,1976
2,2,3150,681,1,10001,519482,2024
1,1,729,463,0,94102,160199,1986
2,2,3803,502,1,94102,560503,2012
3,3,1196,775,0,10001,373669,2020
2,1,2558,753,0,77005,392875,1984
2,3,2105,754,0,94102,396157,1986
5,3,1461,324,0,77005,477298,1995
5,1,3240,469,1,60614,640672,2009
5,1,1598,944,0,10001,451417,2001
3,3,2972,679,1,60614,550771,1994
5,3,3740,331,0,94102,713341,2014
1,3,3095,201,1,77005,452285,1977
4,3,2151,314,1,60614,524086,2013
1,1,3466,680,1,94102,460727,2007
1,1,2240,200,1,90210,262871,1982
5,3,3836,530,0,60614,717715,1978
4,2,2111,776,1,90210,509462,2001
4,2,2336,836,0,90210,488695,1995
4,1,3356,967,1,94102,631409,1989
3,3,2049,590,1,10001,472143,2001
5,3,2457,342,1,77005,590327,2010
4,1,864,527,0,94102,305692,1988
3,2,3259,957,1,60614,549378,1983
2,2,3479,827,0,77005,532127,1977
2,2,3949,576,0,10001,580363,2003
3,1,3321,289,0,94102,522630,2012
3,2,2062,241,1,10001,472586,2020
5,1,756,234,1,60614,337535,2001
5,1,2045,693,1,94102,527667,2003
2,3,2898,752,1,60614,501345,1983
4,2,3525,323,1,77005,628040,2014
2,1,2232,256,1,77005,364480,2013
4,2,3177,655,1,10001,608913,1990
4,2,2974,434,0,10001,558097,1987
5,3,3608,807,1,77005,694704,1992
1,2,1494,591,0,90210,320278,2020
1,3,2744,691,0,77005,434805,1988
3,1,1112,542,1,94102,278669,1976
5,2,815,843,1,60614,393825,1986
4,1,3803,375,0,77005,644258,2018
1,2,3931,251,0,77005,518578,2018
4,1,2772,749,1,60614,534978,1986
1,2,3753,677,0,60614,498567,1993
1,2,3954,688,0,94102,531090,1992
1,2,2306,204,0,60614,324918,1982
5,2,2706,924,0,10001,602122,2011
2,2,2167,831,1,77005,386400,1990
4,2,2808,408,1,60614,549319,1991
5,2,2931,416,0,94102,624694,1980
5,2,2753,735,0,60614,598054,2004
5,2,1728,541,0,77005,495112,2003
5,1,827,916,1,90210,402391,1986
5,3,2965,600,1,60614,629115,1981
3,2,2087,661,0,10001,446699,2004
4,3,1401,937,0,77005,473229,2021
5,2,2222,929,0,94102,573647,1995
4,2,2505,410,1,77005,515108,2013
3,1,3521,225,0,90210,562627,1998
3,1,1071,451,0,94102,284400,2006
4,3,1679,202,0,90210,446429,1993
1,1,3272,201,0,90210,402347,2010
2,1,2660,803,0,10001,386576,1997
1,3,1641,201,1,60614,323815,2003
1,1,3341,349,1,10001,418263,2002
1,2,3620,782,1,10001,503614,1992
5,3,2760,203,0,10001,604047,2019
3,3,828,696,1,94102,330403,1988
1,2,770,749,0,60614,182561,1989
3,1,894,667,1,60614,325762,2022
4,3,788,269,1,94102,370406,1992
2,3,1025,400,0,10001,267968,1984
4,2,1576,507,0,10001,414551,2004
4,2,1702,451,0,90210,455048,2021
5,1,3305,486,1,90210,604754,1976
2,3,1518,491,0,77005,327928,1984
4,1,3853,353,1,90210,665336,2003
4,1,1098,332,1,60614,368438,2011
2,2,2421,785,1,94102,464830,1995
2,3,3409,473,0,10001,545159,2017
4,3,1465,982,0,77005,442631,1983
2,3,1425,896,0,90210,343191,2001
4,2,2458,708,1,77005,538238,2001
4,2,2718,552,1,94102,519886,1977
5,2,2895,204,0,94102,580336,2005
1,2,745,492,1,77005,178093,2017
4,2,2241,559,1,77005,509366,1978
3,3,1919,797,1,77005,442084,1988
1,1,3229,413,0,10001,432049,2004
1,3,1069,605,1,60614,248225,1983
1,1,792,635,1,90210,196841,2003
5,2,1691,214,0,90210,443285,1977
4,1,3141,472,0,90210,572994,2022
5,3,651,762,0,77005,395019,1997
4,3,3529,964,0,77005,700747,2011
5,1,3010,244,0,77005,585863,2025
5,2,2420,902,0,10001,586613,1996
3,2,3564,833,1,10001,565836,1997
5,3,3121,611,1,10001,663559,2006
2,1,2469,386,1,10001,386635,1993
3,2,3168,925,1,94102,544777,1985
5,2,2386,860,0,10001,557737,1982
1,3,2054,369,1,10001,348001,1990
2,2,2467,920,0,10001,468258,2004
2,1,3969,793,0,90210,565356,2013
2,3,3338,600,1,90210,554146,2019
3,3,3869,907,1,90210,672385,2018
5,1,3799,445,0,60614,679232,1998
5,3,3179,751,0,94102,620883,1981
1,2,2607,879,0,77005,383833,1983
1,2,2034,242,0,10001,295184,2017
2,1,1439,922,1,90210,333184,2001
1,2,3736,378,0,94102,478855,2010
3,1,840,656,1,10001,313324,2016
5,1,1135,734,0,60614,420943,2015
2,2,2007,806,0,77005,343266,1995
1,1,682,871,0,10001,193556,2014
3,2,1581,443,1,77005,360832,1995
3,3,1550,216,0,10001,408837,2012
1,3,1210,311,1,60614,228510,1982
5,1,1173,814,1,94102,426841,1994
1,2,2933,797,1,77005,409931,1976
2,2,1588,746,0,77005,328048,2009
1,3,1058,229,1,94102,265845,1991
3,3,3883,391,1,77005,663520,2025
1,2,2773,636,0,90210,382666,1997
5,1,2122,378,0,94102,514075,2022
4,3,3072,815,1,60614,601836,2003
1,1,3201,876,1,10001,480933,1998
5,1,3257,673,0,10001,602636,2010
5,3,2584,833,1,94102,655085,2014
3,1,2166,333,1,90210,409472,2005
5,1,3829,511,1,60614,683058,1981
5,2,2759,935,0,10001,620208,2009
5,1,3049,224,1,10001,559334,1986
5,2,721,570,0,90210,361440,2013
2,3,872,724,0,77005,246797,1994
2,3,1917,518,0,94102,366839,1989
3,2,997,429,1,90210,324556,1976
1,3,3118,301,0,90210,419407,2011
5,1,1584,649,1,90210,511837,2014
1,1,1830,577,0,90210,265588,1977
1,1,1733,402,1,77005,247425,2011
3,3,1901,466,1,60614,413696,1992
5,1,2510,661,1,90210,554361,2020
5,3,3216,564,0,90210,679785,2009
4,1,2105,933,1,94102,454025,1978
1,2,3785,303,1,10001,468777,1977
1,3,2516,310,0,77005,378007,2006
2,3,3544,627,0,90210,571313,2017
4,1,1419,668,1,60614,433042,2021
2,3,3500,780,0,60614,554436,2003
2,3,3357,969,0,60614,528896,1993
2,2,2556,879,0,94102,442392,1988
3,2,2968,760,1,60614,542373,2012
3,1,778,449,0,94102,275289,2009
2,2,1496,681,1,77005,338652,2007
4,1,2866,530,0,60614,532800,1993
1,1,3436,786,0,10001,487564,2025
4,1,2572,400,1,90210,534166,2013
5,3,2151,653,0,77005,531712,1980
3,2,1091,703,0,10001,317007,1999
1,1,660,745,0,77005,195724,2020
1,2,1677,310,0,60614,286908,2020
5,1,2303,948,1,77005,540015,1993
5,2,3185,743,1,77005,637751,1996
2,2,3495,408,1,77005,528088,1980
3,1,3635,843,1,94102,587459,1991
3,3,664,817,1,10001,337870,2003
4,2,1185,232,1,60614,383192,2016
2,3,2327,754,1,90210,443606,2007
2,3,2818,306,0,60614,462764,1998
2,1,3944,464,1,60614,548335,2003
2,1,1134,425,1,94102,259401,2022
3,1,3340,686,1,94102,519402,2006
3,2,3998,378,0,77005,612293,2007
2,1,2755,421,1,60614,417843,1984
4,1,2470,569,1,10001,495926,1999
1,2,3833,836,1,94102,512112,1992
1,2,3461,987,0,94102,479849,2022
4,1,1604,366,1,10001,374020,1988
2,1,3099,862,0,94102,494568,2019
3,1,1829,752,0,10001,328435,1978
1,1,3237,499,0,90210,458104,2019
5,3,1639,580,0,10001,485601,1976
5,3,926,234,1,90210,402573,2000
4,1,1207,606,0,77005,366064,2000
2,3,3306,701,0,77005,546654,2007
1,2,601,513,1,94102,193997,2017
2,3,1633,942,0,10001,400186,2006
1,3,3081,926,0,94102,441002,1984
4,1,724,300,0,10001,286039,1981
4,3,1704,768,0,94102,449104,1976
5,3,3132,414,0,77005,653228,2010
2,3,3299,867,0,77005,574109,2009
5,3,2461,775,1,94102,638520,2004
2,2,1773,261,1,10001,331200,2013
5,1,3447,568,1,60614,664706,2014
3,1,3520,567,1,10001,604219,2016
3,2,728,773,0,94102,348827,2025
3,3,1037,293,0,10001,309162,1994
3,2,1350,668,0,90210,381319,1996
1,3,3148,225,1,10001,492650,2018
3,2,3729,634,1,77005,588628,2005
4,1,1821,320,0,77005,411253,2004
4,1,2858,249,0,90210,520803,2008
1,1,1501,963,1,10001,270711,2024
3,3,2692,235,1,60614,503071,1978
3,3,3768,609,1,10001,667845,1982
3,2,1902,488,1,77005,458904,2017
5,2,3182,578,0,77005,658339,2023
2,1,2033,299,1,94102,332622,2000
5,3,3108,523,1,77005,678517,2005
2,2,990,528,0,94102,236895,1996
3,3,1667,847,0,77005,412499,1998
3,3,626,905,0,77005,273614,1990
5,1,3441,420,1,60614,643791,2000
5,1,3768,990,1,94102,681549,1992
2,3,3622,766,1,94102,610861,2018
4,3,1147,309,1,77005,428545,2016
2,3,3268,348,0,94102,466983,1978
5,3,1166,605,0,77005,448859,1983
5,1,1303,976,1,77005,410830,1976
1,2,1842,873,1,10001,372958,2012
5,1,784,898,1,94102,362430,1986
1,2,3740,609,0,90210,491048,2011
4,3,3801,328,1,94102,665228,2009
2,2,2190,683,0,94102,374145,2008
2,1,2513,307,1,60614,381251,1994
1,1,1447,588,0,90210,192190,1988
2,3,1198,624,0,90210,315242,2003
5,1,1405,646,1,60614,431400,1980
3,3,1957,267,0,60614,418577,2003
1,1,3825,265,0,94102,397691,1991
2,1,2726,855,1,10001,449029,1987
1,3,3226,764,0,60614,492131,2011
1,2,2478,839,1,90210,397321,2002
3,1,3060,703,0,90210,489508,1998
5,2,1145,703,0,94102,460867,2010
1,1,2232,520,0,10001,332959,2010
2,1,2816,918,0,77005,439259,1986
4,1,3328,927,1,60614,591524,1987
1,1,3230,779,1,60614,424430,2020
1,2,3162,646,1,94102,480603,2024
3,2,3985,773,0,10001,640498,2013
5,1,2679,409,0,90210,514377,1982
4,1,2934,569,1,90210,504812,1979
2,2,3241,763,1,77005,540110,2017
4,3,3714,827,1,90210,683233,1992
2,3,2526,657,1,60614,466647,2009
5,2,1216,776,0,77005,477848,1999
2,1,3672,841,1,10001,539680,1997
3,1,2917,888,0,77005,488790,1989
3,3,1803,989,1,10001,467118,1983
3,3,2359,362,0,90210,479607,2004
3,2,3165,531,1,94102,530967,2002
4,3,3774,863,1,77005,711758,2019
5,2,3681,549,0,77005,687188,1992
2,3,3230,947,0,60614,525846,1978
2,3,3761,869,1,60614,622476,2014
3,3,825,667,0,10001,311095,2003
3,1,1269,625,1,94102,355417,2011
1,1,2363,526,0,60614,309299,1993
5,1,1516,305,1,60614,461848,2013
4,3,2773,454,1,90210,566396,2003
2,2,3603,557,1,90210,565470,1988
1,2,3880,643,1,60614,519099,1994
1,2,3768,312,1,10001,465049,1981
2,2,2721,229,1,94102,422473,1976
4,1,1814,723,1,60614,445711,1991
1,1,2305,888,1,10001,382581,2025
1,3,2442,245,0,10001,330553,1979
5,3,2583,370,0,60614,595653,1981
4,2,655,329,0,10001,331052,2021
1,1,1319,956,1,77005,262378,2013
4,2,3200,552,1,10001,574424,2021
2,3,2679,402,1,60614,452718,1994
3,3,1173,425,0,10001,349143,2005
1,2,1266,279,0,60614,236562,2002
5,3,883,509,0,90210,426250,2008
2,2,2344,234,0,60614,353667,2005
4,1,2834,763,0,10001,547426,2016
2,2,1097,360,1,60614,274691,2002
1,1,2065,795,0,94102,272678,1986
4,1,729,634,1,60614,305350,1979
3,3,1238,737,1,60614,360055,2005
2,3,3963,424,1,94102,610909,2001
1,3,2761,645,0,94102,422693,2003
5,2,3870,516,0,94102,696453,2004
4,2,2660,865,1,77005,600306,2022
2,3,3942,613,0,60614,571133,1992
2,2,3886,294,0,94102,563473,2020
3,3,3091,424,1,94102,555709,1998
3,2,3094,978,1,90210,617618,1995
5,1,1585,752,1,77005,466867,1991
5,1,1592,844,1,60614,435570,1987
1,3,3362,265,1,10001,498494,1984
1,2,2721,596,0,77005,410759,2003
5,2,3184,409,1,77005,659749,2020
5,1,700,673,0,90210,359903,2010
4,1,2823,864,0,60614,527972,2024
3,3,1026,883,1,60614,387360,2002
1,1,3788,770,1,94102,482796,2009
3,3,3837,895,0,94102,606850,1981
3,1,640,689,1,77005,308958,2025
5,1,1028,379,0,90210,427648,2020
4,2,943,723,1,60614,391924,2021
2,1,965,658,1,90210,246517,1981
4,1,3791,267,0,10001,577694,1976
4,3,1208,528,0,60614,416376,1997
3,1,3304,401,1,94102,518077,2014
4,3,1327,674,1,77005,429153,1987
1,1,2876,717,1,90210,350517,1979
3,1,1424,214,0,94102,306648,2023
1,3,3801,241,1,77005,510515,1978
2,2,1975,742,1,94102,399114,2025
3,3,1488,892,1,60614,404098,1999
2,3,2643,973,1,90210,446759,1978
3,3,1941,488,0,10001,405225,2002
5,2,3631,732,0,94102,627571,1982
4,1,3483,893,0,90210,607168,2007
5,3,1896,895,1,60614,529801,2018
2,3,716,443,1,94102,265176,1982
4,2,3465,860,1,60614,627785,1979
3,3,3015,967,0,10001,586867,2024
4,1,1717,811,0,10001,414732,1996
1,2,767,766,0,77005,190292,1996
4,1,3601,897,0,77005,591453,1977
1,1,2338,797,1,77005,334921,1987
4,2,1964,373,0,60614,457080,1981
1,3,3308,733,0,77005,507106,1994
2,1,1294,708,1,90210,339843,2025
5,1,1524,443,0,60614,401595,1988
3,1,751,259,1,60614,286204,2013
4,1,1185,303,1,77005,378771,2015
5,2,1512,850,1,77005,496720,2016
3,2,2921,502,1,60614,477472,1978
3,1,2177,870,1,10001,423665,2000
1,3,1095,943,0,10001,256432,2006
2,1,2748,276,0,77005,374814,2009
2,3,1156,217,1,10001,325397,2009
5,1,1705,733,0,90210,484804,2022
2,3,2152,383,1,90210,435901,2021
4,1,2720,856,0,90210,541333,2003
2,3,3685,749,0,60614,547032,1980
5,1,756,480,0,60614,387207,2016
2,1,1334,487,0,60614,227970,1980
4,3,2779,854,0,60614,568695,1998
1,2,3666,724,0,60614,481079,1993
5,3,2027,897,0,77005,587976,1983
1,2,1158,673,1,10001,275158,2000
1,1,2754,466,1,77005,366660,1976
1,3,2912,980,1,10001,420761,1978
3,3,3876,808,0,77005,642902,1997
3,3,3750,556,0,90210,633222,1999
1,2,754,200,1,94102,235106,2008
5,2,3635,226,1,60614,627125,1986
4,1,1596,747,0,94102,432569,2016
4,2,2894,359,1,94102,562637,1984
2,2,1130,598,1,90210,322934,2021
5,1,3505,742,1,94102,646593,2016
3,3,2571,326,1,94102,484465,1976
1,3,3185,973,0,90210,495726,2005
2,1,1328,409,1,10001,278805,2002
4,3,1777,349,1,77005,449450,1988
3,2,753,230,1,94102,293623,2023
3,1,691,811,1,60614,274773,1986
1,1,2985,501,0,90210,360022,1995
4,1,2103,930,1,94102,448728,1985
5,3,2316,964,1,10001,596007,1989
3,1,3802,882,1,10001,621495,2024
1,1,3097,456,1,60614,447274,2024
5,1,2616,256,1,94102,507478,1987
4,3,3457,208,0,60614,572202,1977
3,2,1386,204,1,10001,325158,1984
5,1,872,313,1,10001,318846,1982
5,2,2627,976,0,77005,600231,1992
5,3,3235,884,1,10001,641828,1984
3,3,776,931,0,90210,359297,2006
3,3,3478,404,1,77005,613180,1993
2,3,1242,223,0,60614,327544,2022
4,2,2498,692,0,10001,463253,1981
1,1,3720,881,1,90210,470172,1982
5,3,1166,605,0,77005,460915,2015
2,3,1265,302,1,90210,281559,1984
1,2,1931,259,0,77005,281638,1979
2,2,3515,285,0,77005,537087,2021
3,3,2398,966,1,77005,544813,2001
5,1,1669,876,0,60614,437004,1977
1,1,2949,571,1,77005,385888,1989
1,3,3515,878,0,77005,535707,1992
1,2,3559,795,0,90210,539555,2017
1,3,1007,401,1,77005,292357,2020
1,3,1812,801,1,60614,352250,2008
2,2,3469,288,0,90210,508445,2012
5,3,2453,636,1,77005,610536,2007
3,3,1752,319,1,90210,447262,2012
3,3,3208,355,0,60614,523156,1986
3,2,3937,598,0,90210,624026,2009
3,1,1741,899,1,60614,386577,1991
2,1,3111,387,0,10001,440125,1997
4,2,743,973,1,77005,336502,1984
5,1,3089,251,1,60614,605394,2009
1,3,3871,851,1,77005,578035,1983
4,1,3828,730,1,60614,648160,2018
3,3,1086,679,1,94102,402744,2025
4,1,1459,786,1,94102,349359,1981
5,2,3805,429,0,94102,682007,1990
1,1,2535,680,1,60614,380831,2019
1,1,747,329,0,77005,128479,1980
5,1,1959,254,1,94102,514207,2021
5,2,3742,470,0,77005,679119,2002
3,1,3904,299,0,60614,581878,1998
1,2,1957,268,0,77005,259437,1983
4,3,3458,498,1,77005,688565,2009
2,1,3313,728,0,94102,465953,1989
2,2,689,553,0,90210,236117,2006
5,2,1957,827,1,10001,531413,2023
3,1,798,351,0,60614,219156,1989
2,3,3832,529,0,60614,581666,2000
1,2,1137,315,1,60614,226113,2011
5,1,3792,741,0,10001,669151,1978
4,3,900,522,0,90210,404848,2018
5,2,1323,762,1,77005,454899,2013
4,2,2198,771,0,60614,486571,1978
5,3,3610,428,0,77005,717151,2023
5,3,2059,970,0,94102,593484,2025
5,1,667,559,0,94102,387541,2017
4,1,3106,204,1,94102,507914,1995
4,2,2137,227,1,60614,437557,1985
5,3,997,965,1,10001,484461,2000
2,3,1219,563,1,60614,305074,2009
3,3,3957,661,0,94102,623607,1992
3,2,2184,430,1,94102,476469,2017
3,3,1763,594,1,60614,446825,2013
4,3,1329,911,0,10001,436961,2021
4,2,1155,470,0,10001,362781,1985
2,1,2552,503,0,77005,390252,2013
3,1,3428,582,1,90210,552854,2025
3,2,2351,757,0,94102,530079,2001
5,3,3541,227,0,10001,670946,1979
4,2,3257,718,0,94102,612930,2022
3,1,3395,943,1,90210,564616,1990
2,1,2929,398,1,94102,442980,2016
2,2,3308,805,1,10001,508687,1998
3,2,3571,281,1,77005,597138,2020
4,1,1595,287,1,60614,403023,1999
2,2,2559,589,1,60614,467864,2014
5,1,2201,897,1,10001,541423,1978
2,2,3393,954,0,10001,568750,2023
1,2,2080,779,0,90210,329081,1980
1,2,2734,650,0,94102,403085,1993
4,1,1702,632,1,90210,461494,2016
3,2,3876,573,1,60614,625446,1995
4,1,3438,634,0,94102,559791,2011
4,1,3925,386,0,90210,645752,2019
4,2,2951,950,1,60614,610139,1990
4,2,2003,589,1,94102,475693,2012
5,1,2777,417,1,77005,538708,1978
5,1,3243,307,1,77005,620447,2012
2,3,1899,749,1,90210,434152,2023
1,1,2322,548,1,10001,295497,1977
4,3,3205,987,1,94102,630995,1980
2,3,1498,721,1,90210,352115,1976
1,3,1806,225,0,10001,289644,2023
3,2,3939,247,1,10001,611745,2004
5,2,3993,569,1,94102,727098,2007
1,1,2135,213,1,94102,251012,1991
3,3,677,811,0,10001,348533,2014
1,2,3431,386,0,60614,474625,2021
5,2,3321,723,1,90210,687548,2016
5,2,2132,478,0,94102,519309,1985
2,2,837,540,0,10001,245124,1993
4,2,1757,527,0,60614,435292,2013
1,3,2596,878,1,77005,438959,1991
1,3,1815,833,1,10001,365034,1994
3,3,877,806,1,60614,351283,2015
5,3,3689,224,1,77005,705710,1978
1,1,1123,728,1,60614,201029,1988
5,3,779,625,1,94102,453406,2002
1,2,722,228,1,10001,177639,1991
2,3,1869,522,0,77005,381559,2007
4,1,2357,512,1,60614,512084,2020
1,2,3722,783,1,77005,490687,1986
5,3,1694,469,1,90210,525455,1981
2,3,1079,961,1,10001,342844,1982
1,3,3690,494,1,94102,496758,1984
3,2,2397,855,1,77005,470105,1991
4,2,2731,985,1,60614,586867,2022
1,1,3826,422,1,77005,474205,1993
2,2,3212,274,0,60614,509101,2013
3,2,3266,301,0,77005,483298,1990
2,3,3004,731,1,94102,471583,1983
2,2,1415,828,1,94102,338229,2007
3,3,3294,885,0,10001,575368,1983
2,3,1042,372,1,94102,297974,2014
3,2,3740,203,1,77005,602764,2015
1,1,3170,678,0,77005,411080,2020
3,1,742,859,1,94102,292214,2014
3,2,791,594,1,90210,333192,1999
4,1,2010,825,1,77005,440387,1985
3,3,977,366,0,10001,324785,2001
3,3,3228,499,0,90210,549385,1984
1,2,1134,317,1,94102,274095,2023
4,1,2316,711,0,60614,494289,2023
5,1,3964,811,0,77005,686785,2006
1,3,1632,985,0,60614,337032,1998
1,2,3942,374,1,10001,532154,2003
5,1,2010,358,0,90210,474793,1978
3,2,2740,583,0,60614,510436,2023
2,1,2589,426,0,10001,378703,1984
4,3,3176,237,1,60614,627257,2002
2,3,1777,662,0,60614,362437,1983
5,2,1004,630,0,10001,429288,1986
1,3,3487,909,1,77005,557177,2020
1,1,1772,847,0,60614,318207,2006
4,3,1488,303,0,10001,462304,2015
1,2,3938,392,0,60614,453865,1994
1,2,1021,449,1,77005,215582,1999
4,2,2241,212,1,10001,457343,2005
4,1,1071,766,0,60614,319623,1982
5,1,3540,796,0,94102,619372,1978
1,1,1146,820,0,77005,203974,1976
1,1,1230,754,0,60614,219906,2013
5,1,1637,587,0,90210,479934,2004
3,3,3425,270,0,10001,548629,1991
3,1,2429,979,1,60614,435080,1979
3,1,963,770,0,77005,269005,2004
5,3,2766,637,0,77005,650340,1998
1,1,3909,243,0,90210,494616,2005
5,2,1145,471,1,90210,415407,1980
5,1,3840,213,0,60614,628036,2008
3,1,3169,570,1,94102,506236,1995
2,2,1233,311,0,77005,258493,1980
1,2,2536,578,0,94102,343802,1989
3,2,2280,513,0,94102,490667,2005
2,2,1562,614,0,60614,370406,2012
2,1,3605,939,0,10001,478473,2001
4,2,1482,684,0,10001,393323,1999
1,2,3427,368,1,10001,456274,1986
2,3,1470,445,0,90210,315812,2003
3,2,1115,465,0,77005,318408,1995
4,2,3585,442,0,90210,594814,1979
1,3,2020,869,1,77005,371658,1997
5,3,1465,499,0,77005,485825,1979
3,1,2753,526,1,77005,503748,1996
2,3,1708,729,0,60614,380171,2000
2,1,813,794,0,10001,207758,2006
3,3,3792,942,1,90210,647177,1988
2,3,3803,541,1,90210,582666,2007
4,1,3497,964,0,60614,641745,1999
1,3,2844,878,1,77005,473163,2001
4,1,618,753,1,10001,313500,1986
2,3,1241,448,0,94102,312492,1988
5,2,3683,959,0,94102,703482,2003
1,3,1704,579,0,60614,336391,1997
1,1,929,997,1,10001,212332,2011
3,3,1465,731,0,94102,440250,2023
3,1,1373,580,0,94102,369140,2016
5,1,991,241,1,90210,375871,2011
1,2,1236,544,1,10001,267553,2010
5,2,2954,798,0,94102,637631,2009
3,1,3938,460,1,90210,572309,2007
3,3,3542,505,1,10001,597070,2015
1,1,3299,439,1,77005,381530,1978
4,1,3488,878,0,10001,617658,2021
2,3,1625,512,0,60614,382477,2021
3,3,3167,930,0,90210,582807,2012
3,3,2274,640,1,77005,504012,1976
4,3,3283,332,0,90210,630423,2000
4,1,3980,918,0,90210,675953,2018
5,1,1339,250,1,94102,428791,2021
5,2,2145,817,1,10001,575746,2019
2,1,1068,591,0,90210,273381,2010
2,3,2859,895,1,90210,541050,2012
1,2,1735,912,0,60614,311283,1989
5,3,1631,722,0,60614,493126,1985
3,1,3451,965,0,60614,559892,2022
5,2,3124,707,1,90210,609202,1990
3,3,1473,861,1,77005,408920,1978
4,2,1059,553,0,10001,347179,2009
5,2,2900,594,0,90210,583389,1979
4,1,2149,295,0,94102,416244,1990
2,3,1351,305,0,77005,339799,2020
2,2,2061,854,1,77005,432111,2010
1,2,2377,877,0,10001,390623,1997
5,3,3628,712,0,77005,717447,1990
4,2,1453,757,1,10001,405864,1988
3,2,2883,441,0,77005,483903,1989
2,2,1929,687,0,10001,322774,1978
2,3,1077,989,0,60614,287065,1978
3,3,3326,714,0,60614,608948,2016
4,3,3691,853,0,77005,642265,1985
4,3,2863,260,1,77005,560211,1990
5,1,3502,615,1,10001,626554,1997
5,2,734,493,1,10001,423215,2012
1,3,3552,936,1,90210,546789,2022
2,2,1752,501,0,60614,272923,1982
5,2,1009,369,1,90210,436022,1984
4,1,2045,845,1,90210,477017,1990
3,3,1917,240,1,94102,369393,1976
4,3,1869,430,1,10001,484096,1981
2,2,2179,608,1,94102,441753,2013
4,3,685,937,1,94102,371620,1980
1,2,3203,850,1,90210,473780,2008
2,2,2465,821,1,94102,424175,1993
3,1,2069,496,0,10001,402094,2005
1,1,977,654,1,90210,231063,2010
2,1,2280,256,0,10001,332978,2011
3,2,1674,834,1,77005,415976,2021
1,3,841,439,1,94102,258082,2020
1,1,3965,797,1,90210,500554,1988
2,3,1519,375,0,60614,366799,2023
5,1,2186,262,0,10001,460849,1978
1,1,2913,750,1,94102,395158,2014
1,2,3791,337,0,10001,490655,1990
3,1,3359,653,1,10001,507117,1993
4,1,1871,952,0,77005,419854,1990
2,2,669,648,0,10001,227656,1993
2,3,2704,425,0,77005,461352,1995
5,1,2005,642,1,77005,501762,2005
5,2,2686,405,0,77005,587911,1999
2,1,2607,875,0,94102,433465,1999
5,2,1400,226,1,10001,456843,2018
3,3,1641,656,0,10001,408731,1989
2,3,3379,894,1,77005,561523,1994
5,2,1424,909,1,10001,481029,2000
2,2,1355,306,0,10001,271675,2024
4,2,2999,643,1,77005,603133,2014
1,3,2595,900,0,60614,432781,2004
2,1,2439,235,0,60614,391395,2009
1,3,1921,796,1,77005,374199,2019
5,2,2930,354,0,94102,565358,1983
1,2,2209,368,0,10001,328008,2022
2,3,709,995,1,10001,229685,1989
4,2,1616,471,1,60614,415055,1988
5,3,3851,746,0,77005,786729,1994
2,2,2561,619,1,94102,477468,2015
5,1,3191,383,1,77005,613406,2025
3,1,2369,810,1,60614,438106,2001
1,2,624,436,1,60614,157779,1984
3,3,1442,708,0,10001,424570,2002
2,1,3438,640,0,90210,508290,1983
4,3,1337,321,1,94102,440545,2009
5,2,2704,616,0,94102,609473,2018
1,3,779,734,1,90210,236007,1981
5,1,831,574,1,60614,380482,1999
2,3,2517,774,0,77005,469039,2008
5,3,942,525,0,94102,435413,1999
1,2,1076,679,0,90210,240109,2004
2,2,2422,349,0,10001,364615,2010
5,2,3223,906,1,10001,682010,2024
4,1,1054,791,1,60614,362282,2021
2,1,1855,689,0,94102,346751,2008
2,2,888,352,1,77005,263687,2023
4,2,1836,216,0,94102,397102,1999
3,1,2905,750,0,10001,456232,2009
1,1,1129,547,0,94102,214237,2010
3,1,3334,658,1,10001,537724,2020
5,1,3576,401,1,90210,663886,2019
4,2,2876,622,0,90210,561357,1976
3,1,3897,479,0,10001,588153,2012
2,2,1195,621,0,77005,263347,1988
5,3,1034,799,0,77005,420846,1986
5,3,1481,664,1,94102,530999,2011
3,1,3668,554,1,10001,540917,1979
3,3,2381,781,0,60614,482721,1979
4,3,1001,577,0,77005,324277,1978
1,3,3269,323,1,77005,488799,1993
3,1,2735,279,0,90210,391193,1983
3,1,3231,756,1,77005,520216,1999
2,3,2165,432,1,77005,442899,1997
5,2,908,679,0,77005,354077,1989
1,3,3553,353,1,10001,522213,2021
2,1,942,891,1,10001,250254,1997
4,1,1035,608,1,90210,347324,1994
4,1,776,230,1,94102,336224,2020
3,3,738,796,0,77005,352901,2024
3,2,793,756,1,94102,310299,2020
4,1,3857,702,1,10001,622746,1980
3,1,3889,570,1,77005,570033,1983
1,3,3835,522,0,94102,545395,2022
3,2,1784,531,0,94102,428670,1997
5,3,1542,442,0,60614,519048,2001
3,1,1124,751,1,10001,373493,2017
2,2,2224,629,0,90210,418731,2023
1,2,3713,381,0,90210,511056,2000
2,1,3562,672,0,60614,455679,1978
2,2,2857,575,1,94102,440265,1983
5,2,1340,280,0,60614,420397,1999
1,3,1461,749,0,60614,278632,1990
1,1,3946,619,0,10001,475376,1994
1,1,1553,666,1,77005,287679,2025
1,1,1902,627,1,94102,310169,2010
1,1,1874,256,0,90210,268093,1978
5,1,3981,521,0,90210,663657,2015
3,2,2343,741,0,60614,432245,2000
2,3,3480,694,1,60614,499861,1986
1,1,2787,465,1,60614,380110,2025
3,3,1391,426,0,94102,366516,2000
3,3,1145,253,1,60614,341181,1998
2,2,2444,808,0,60614,414021,2017
5,1,1616,203,1,77005,425531,1982
4,2,2527,638,0,94102,515866,2004
4,1,2153,509,1,10001,461055,2018
3,2,656,802,0,10001,270721,1977
2,3,2759,288,1,77005,442836,1984
4,1,604,519,0,90210,313480,1999
3,3,2037,574,0,10001,431127,1987
5,3,3853,803,0,94102,740450,2007
4,2,3684,700,0,90210,644630,2001
3,1,1962,861,1,60614,357133,1988
3,3,2420,433,0,94102,507921,2005
1,2,1882,536,1,90210,332697,2002
5,1,2737,770,1,10001,568338,2002
1,1,3263,384,0,60614,384886,2007
2,3,3538,637,0,60614,506450,1976
1,1,3345,755,0,94102,378051,1979
1,3,1873,379,0,60614,311315,2024
4,1,3926,275,1,90210,609501,2012
3,2,3545,855,1,77005,538307,1994
5,3,3618,812,1,10001,709127,1984
1,3,1731,471,1,94102,317918,1994
5,1,1267,254,0,77005,418021,1998
1,1,3241,900,1,77005,436841,1978
2,3,3236,276,0,94102,474720,1987
1,1,3132,495,0,90210,373996,1986
4,2,3629,418,1,10001,639861,1984
3,1,3619,476,1,94102,525729,1979
2,2,1881,777,1,77005,366361,1986
1,2,3286,847,1,77005,471831,2013
5,2,1596,945,1,94102,521634,2014
2,2,2526,910,1,77005,467773,2018
2,2,881,465,0,94102,250371,2011
1,1,3633,242,0,94102,451718,2000
2,2,3759,560,0,10001,535613,2014
5,1,1827,427,1,94102,459356,1983
2,2,2663,426,0,77005,438270,1980
5,3,3822,262,0,60614,715525,1999
1,2,1535,370,0,10001,249069,2008
3,3,853,961,0,77005,336300,1981
2,2,1811,961,0,77005,402790,1990
3,2,928,506,0,10001,280884,1977
5,2,3191,949,1,10001,681422,1999
2,3,3430,767,1,77005,578453,2017
4,3,3644,882,1,60614,681009,1987
3,2,2020,233,0,90210,422084,2025
2,1,2140,841,1,77005,374689,2019
3,2,3492,329,1,10001,573129,2000
2,3,1792,593,0,94102,368389,2019
1,2,2316,350,1,94102,361851,2019
3,3,3013,854,0,10001,615233,2018
4,3,1801,829,1,10001,510110,2010
4,3,1254,915,0,90210,440685,2023
5,2,1985,583,0,10001,498467,1981
2,3,1359,946,1,94102,368128,2016
3,3,3286,216,0,60614,532572,1976
5,2,2398,793,1,10001,574919,2019
3,3,1663,213,0,90210,412543,2005
2,2,3571,280,1,60614,512592,1989
4,3,1015,406,1,90210,376762,1995
1,1,854,403,0,60614,170744,2003
4,1,1766,578,1,10001,463203,1999
5,3,2476,983,1,94102,614832,2004
1,1,3357,743,1,60614,445002,1987
5,2,3224,222,0,77005,625858,1999
2,1,1499,813,0,90210,280615,1977
1,3,2658,361,1,60614,453855,2022
5,3,625,809,1,90210,429409,2002
2,2,3604,343,0,94102,518596,2003
4,3,1020,303,0,90210,362115,1978
2,2,1844,581,1,90210,353335,2007
3,1,2476,654,0,77005,428475,1984
2,1,3143,616,0,90210,465851,2023
2,2,1860,523,1,60614,397754,1999
3,2,2884,370,0,90210,504742,2023
5,3,1608,775,0,10001,486143,1998
5,1,818,955,0,90210,415958,2009
2,2,2110,782,1,10001,380215,1995
3,1,2559,473,0,90210,426284,2016
3,2,3108,651,1,90210,528100,1977
4,1,1262,324,0,60614,378049,2004
5,3,3282,582,0,10001,683046,1996
1,1,3815,516,1,10001,442865,1977
5,1,1589,306,1,77005,451771,2005
5,1,788,859,1,90210,376002,1990
4,1,854,662,1,90210,374717,2003
1,1,667,629,0,60614,132403,1988
4,3,1215,903,1,77005,462629,2014
1,2,2983,536,1,77005,429484,2001
2,1,3318,937,1,60614,481445,2006
1,3,3468,953,0,10001,482591,1977
4,1,1473,695,0,94102,360517,1977
5,1,2947,561,1,60614,604286,1984
1,2,2225,995,1,10001,395152,2019
1,1,956,631,1,77005,186583,1997
3,3,855,874,1,60614,334297,1978
5,3,1607,719,0,94102,507310,1997
2,2,3000,605,1,90210,492471,2013
4,1,2355,576,0,60614,510848,2023
2,3,3171,351,1,94102,558224,2024
5,1,3597,521,1,94102,645935,2010
1,1,3403,806,0,60614,452959,1996
1,1,883,413,1,10001,181976,1988
5,2,3983,775,1,60614,755995,2020
1,1,698,264,1,77005,104520,1981
1,3,796,469,1,94102,256302,2019
1,1,3129,736,0,94102,418621,2021
4,3,1477,299,1,90210,472747,2019
4,1,3897,304,1,94102,629832,1992
3,3,2468,330,0,90210,498681,1994
2,3,3262,588,1,94102,491376,1977
5,1,3265,520,0,94102,663267,2013
5,1,1988,637,1,60614,514555,1996
5,3,3015,218,1,60614,657685,2001
3,2,1169,424,1,77005,381428,2005
4,1,3237,817,0,10001,580906,2005
3,2,3746,765,0,77005,616522,1998
5,1,1665,659,1,94102,450845,1978
2,1,1021,593,0,77005,259566,2006
1,1,3483,425,1,60614,454782,1992
4,1,1804,559,0,94102,455528,2021
4,2,1144,629,1,94102,373610,2008
3,1,670,214,0,77005,211423,1987
4,3,3776,759,1,90210,701986,1983
5,3,1823,850,0,10001,564762,2015
5,2,3772,745,0,77005,707461,2009
3,1,1367,613,0,77005,310503,1978
5,3,2954,554,0,10001,597026,1981
2,2,2306,656,1,94102,433129,2004
3,1,3024,921,1,94102,514879,1989
2,3,1254,730,0,90210,334604,2006
1,3,3325,395,1,77005,456671,1978
2,2,3046,314,0,10001,437921,1978
1,1,2396,616,1,77005,312914,1978
1,1,820,551,0,60614,138072,1980
2,3,781,274,1,77005,327577,2020
3,3,906,861,1,77005,323919,1992
5,3,3169,235,0,60614,624330,2012
5,1,2019,441,0,60614,472580,1978
1,2,1613,862,0,10001,268005,2003
1,2,2651,262,0,94102,329129,2006
3,1,3510,865,0,90210,582535,2013
4,2,1447,708,1,60614,434301,1979
2,3,1403,387,0,94102,280489,1982
1,2,3952,934,1,10001,490993,1985
5,2,814,292,0,77005,350624,1994
3,2,3619,204,1,10001,558101,2000
2,3,2043,637,1,10001,430428,1976
3,1,700,365,0,60614,246655,2012
2,3,3610,645,0,90210,564887,1990
2,1,1172,224,1,60614,280835,2018
1,1,1932,707,1,77005,310998,1986
3,1,1257,297,0,60614,287030,2004
3,2,3586,467,1,77005,585746,2004
5,2,2133,861,1,60614,561966,2010
5,1,3734,592,1,90210,682759,1999
1,1,2256,963,1,94102,384067,2016
1,2,825,795,1,90210,266818,2001
4,3,704,484,1,60614,361787,1995
5,1,2597,883,0,10001,566677,2005
2,3,1371,932,0,94102,365034,1999
3,2,3926,308,0,10001,614235,2009
1,1,1028,226,0,90210,196401,1993
3,3,1033,957,1,94102,373992,1995
3,3,1830,254,0,60614,378751,1976
4,3,3699,332,1,10001,678025,1984
5,2,3329,251,1,60614,651511,2000
1,2,3235,692,0,77005,458904,2005
3,3,3740,964,0,94102,625746,1990
1,3,1465,980,1,10001,369041,2025
2,2,3393,497,0,90210,503848,2022
4,3,3838,598,0,90210,691534,2022
2,3,3511,790,1,90210,517635,2000
1,2,3015,217,1,90210,421798,2022
1,3,850,969,1,10001,259081,1977
5,3,3506,818,1,77005,739428,2017
3,3,1455,758,1,90210,390921,1996
3,2,1793,445,1,90210,411139,1981
2,3,3761,702,0,90210,600970,2022
4,2,1160,288,0,77005,420275,2021
3,2,2069,402,0,94102,410133,1981
5,1,2941,439,1,90210,592814,2003
2,1,1518,689,1,90210,352950,2010
2,3,1773,979,0,90210,387756,2004
5,2,3803,212,0,94102,643002,1989
4,1,1032,848,0,90210,400587,2018
5,3,2706,514,1,94102,616390,1978
4,1,1568,884,0,94102,426876,1993
5,1,1435,941,0,60614,451177,1988
5,2,2846,397,0,60614,605319,1983
1,2,2862,442,1,90210,408069,2010
2,1,1497,706,0,10001,307227,2021
5,1,1071,242,0,60614,380216,2010
5,2,846,529,1,60614,426336,2019
3,3,3029,990,1,10001,576059,2025
2,2,1590,790,1,77005,368768,2017
3,1,3910,628,1,90210,616221,2008
2,3,1526,990,1,77005,349489,1981
3,1,1791,943,0,77005,341976,1979
5,3,3207,812,0,94102,696581,2023
5,1,1674,361,1,94102,473140,2002
1,3,2434,855,1,90210,392636,1998
3,3,1288,820,1,10001,462505,2016
4,1,3027,634,1,94102,545417,2017
1,3,3121,432,0,60614,450285,2013
3,2,3751,310,0,90210,576281,1978
3,1,3344,431,1,77005,536300,1991
1,2,2084,949,1,90210,376449,2003
5,1,3558,908,1,94102,636491,1979
3,3,1559,472,1,10001,408586,2009
5,3,1077,797,0,77005,425421,1980
1,3,3651,240,1,10001,519696,2019
5,1,3573,759,1,90210,682904,2010
2,2,1306,665,0,10001,267624,1986
4,2,3885,276,1,10001,607336,1990
3,1,3501,889,0,90210,578934,2006
4,1,1737,689,1,77005,426546,2002
5,2,3664,968,1,10001,708761,1979
3,2,1353,316,0,10001,350917,2021
5,2,3150,633,1,90210,638505,1981
2,2,2259,218,0,60614,438323,2020
1,1,3464,770,0,10001,415034,1998
3,1,1187,395,0,94102,298891,2021
2,3,1934,818,1,77005,373285,1977
2,2,2092,650,1,10001,420783,1987
3,3,2447,624,0,90210,478538,1988
5,1,3355,593,1,94102,676899,2024
2,1,3715,483,1,90210,445773,1983
4,3,3917,233,1,10001,677839,1987
2,2,3755,494,0,94102,532983,2005
5,2,806,450,0,77005,401872,1986
5,2,2798,837,1,77005,623825,1989
4,2,3315,538,0,77005,593005,2008
2,3,3175,817,1,60614,547946,1978
5,3,764,639,1,90210,451782,1980
3,1,3564,379,1,10001,589463,2014
1,2,2598,821,0,94102,410099,2009
1,2,3816,427,0,90210,471404,1989
1,2,3657,832,1,10001,491941,1980
2,3,2684,818,0,60614,453965,1988
4,2,932,842,1,10001,400726,2011
5,3,1002,222,0,90210,433407,2019
3,2,1013,856,0,10001,337706,2012
3,2,644,526,0,94102,294570,1976
2,1,2853,353,1,60614,454168,2025
1,2,661,818,1,94102,186402,1988
2,2,3067,345,1,60614,474944,2023
4,1,1467,451,0,60614,361253,1989
4,3,2091,501,1,10001,511057,1982
5,3,3467,269,1,94102,687884,1995
5,2,618,742,1,60614,380820,1983
4,3,964,292,1,60614,412511,2013
4,2,3971,848,0,10001,660385,1978
4,1,3678,362,0,90210,613005,2008
2,1,3075,280,1,90210,465138,2009
4,2,1740,787,0,77005,455578,2009
3,1,1179,262,0,77005,298228,2015
1,1,1145,811,0,60614,216066,2006
4,2,2329,635,0,90210,526855,2016
1,2,2972,247,0,60614,413973,1997
2,1,654,644,1,94102,188862,1978
1,3,1377,273,0,90210,255075,1992
2,3,3639,903,1,90210,581780,2009
3,2,641,741,1,90210,255244,1984
2,2,1920,356,1,77005,348043,2013
2,3,830,686,0,10001,244225,1982
5,1,1052,465,0,10001,349134,1979
4,3,3041,455,0,77005,588047,1987
4,3,2145,238,0,77005,468973,1999
3,3,1981,254,1,77005,441153,2000
3,3,2067,227,1,10001,462806,1998
4,2,1751,317,1,60614,437352,2013
5,2,3338,569,0,77005,651412,2014
4,1,3039,408,1,60614,499898,1982
5,1,1816,786,1,60614,469849,1998
3,1,3251,776,1,94102,585298,2024
1,1,1480,811,0,10001,242649,1989
3,3,3749,757,1,60614,677741,1992
3,2,684,515,1,10001,282409,2003
2,2,1653,592,0,10001,341068,1981
2,1,648,643,1,94102,199373,1997
2,1,1768,867,0,10001,306126,1991
2,3,668,951,1,60614,363796,2015
5,3,3729,458,0,90210,672098,1978
4,1,3344,847,0,60614,606483,1993
1,2,3126,397,0,60614,431810,2015
3,2,3467,898,1,10001,587061,2017
5,2,3967,827,1,60614,721436,2012
1,1,2301,644,0,90210,336403,2017
5,2,3842,769,0,10001,672179,1987
5,3,2198,781,0,77005,545939,1978
3,3,2794,804,0,60614,519509,2023
4,1,3977,940,0,60614,653788,1997
2,3,2469,848,0,94102,430451,2007
4,1,1615,816,0,77005,396098,1990
3,2,3256,504,0,77005,502124,1994
3,2,1045,538,0,90210,359917,2019
3,2,2868,728,0,77005,464001,1998
1,3,2001,253,0,94102,304091,1982
4,1,3937,311,0,90210,633438,2008
4,2,2742,883,1,77005,596527,2021
5,1,861,618,0,90210,350063,2003
5,2,2448,504,1,77005,539205,2004
5,3,1496,637,1,77005,527077,2000
3,3,1694,855,1,77005,423676,1984
4,1,2866,284,0,60614,498365,2014
3,3,2156,723,1,77005,484105,1986
1,3,691,451,0,60614,202395,2007
5,1,726,927,1,10001,354802,1979
3,2,679,325,0,94102,276816,2025
3,3,2447,809,0,90210,507960,2023
1,1,3909,604,1,90210,474190,1999
2,3,1582,503,1,10001,377916,2008
4,3,1515,227,0,77005,434862,1976
2,3,3133,465,1,94102,484615,1996
5,3,1293,251,0,10001,474029,2024
3,1,624,854,0,10001,277818,2021
1,1,755,843,0,90210,178941,1997
1,1,3279,710,1,60614,446166,1993
4,3,2412,406,0,60614,507312,1984
2,3,2153,773,0,77005,412208,2006
4,3,2566,710,0,77005,564661,1996
3,1,2333,843,0,10001,381648,1984
4,3,1680,752,1,77005,463720,2021
1,2,2228,400,1,60614,370607,1976
1,3,618,810,1,94102,221142,2005
5,2,2007,483,1,90210,527575,2011
5,3,1816,556,0,60614,541276,2006
3,1,2884,246,0,77005,480639,2018
2,3,2010,336,0,90210,377504,1977
4,2,876,329,0,90210,352802,1995
3,2,3898,394,0,10001,579650,2014
5,3,1344,828,0,77005,521185,2005
4,2,1151,563,1,10001,399464,1996
5,2,3994,631,0,90210,722510,1999
4,1,1776,268,0,10001,386450,1982
2,3,1238,657,0,77005,277004,2000
3,3,836,739,1,60614,339351,1993
4,3,1597,534,0,94102,432068,2000
1,2,2702,725,0,60614,369237,2000
1,3,2603,757,0,90210,393392,1990
4,3,2059,215,1,60614,499159,1986
4,1,3331,655,0,10001,601593,2025
4,1,2756,709,0,77005,535799,2011
1,1,1807,408,1,60614,238173,1976
1,2,1991,357,0,60614,334475,2025
4,3,2606,536,1,77005,578419,2015
5,1,1821,938,0,10001,526982,2024
5,1,1994,440,1,94102,530313,2025
2,1,972,257,0,60614,213246,1995
3,3,3620,504,0,90210,568174,1982
5,3,2120,544,1,10001,584659,2010
1,3,2848,841,0,10001,450699,2004
5,2,1448,928,0,60614,462586,1984
2,2,3156,213,1,77005,474732,2008
2,1,1945,558,0,60614,293309,1979
3,3,2922,576,1,60614,566447,2009
5,1,2858,442,0,77005,541746,1996
1,3,1103,344,1,90210,268464,2016
1,3,3789,614,0,77005,527337,1991
4,3,1302,593,0,60614,438679,2005
1,2,2689,814,1,94102,396454,2010
3,2,914,928,0,77005,348770,2020
3,3,3435,557,1,90210,664987,2023
1,1,2976,775,1,77005,404861,1985
1,3,1640,357,1,77005,289358,1983
4,3,882,873,0,10001,427999,2005
1,1,3590,217,0,10001,481833,2013
4,3,857,927,0,60614,422317,2008
4,1,1174,760,1,60614,342768,2002
1,2,1173,767,1,77005,266986,1999
2,2,3259,546,1,94102,552175,2022
2,1,1642,257,0,60614,244771,2004
4,2,2152,354,1,77005,503642,2002
1,2,3484,766,0,77005,453637,1986
2,1,1022,686,0,77005,248808,1981
1,2,2089,730,0,77005,344976,2016
1,3,1996,686,0,77005,379764,2024
1,3,1357,350,0,10001,261399,1986
5,1,3410,558,0,90210,658182,2020
1,2,1704,567,0,90210,270692,1978
5,3,2174,819,0,77005,563368,2008
4,3,3071,246,1,60614,603137,2009
2,2,1028,406,0,94102,245968,1988
2,2,2621,649,0,77005,435157,1981
2,3,803,682,1,94102,307086,2003
2,3,2843,839,1,10001,473098,1980
2,1,3375,896,1,90210,479906,1996
2,1,2932,769,1,10001,469744,2005
2,3,2592,342,0,60614,447803,2016
4,1,2843,599,1,60614,532313,1983
1,3,906,296,1,77005,247284,2013
3,3,2287,246,1,60614,514202,2014
5,1,613,390,1,60614,353059,2017
3,1,2460,339,0,10001,468725,2022
3,2,3817,814,1,94102,629069,1987
1,2,2561,430,1,90210,370792,2002
1,2,1680,539,1,60614,269383,1992
1,3,1322,690,1,60614,322253,1987
2,1,1379,248,0,10001,222247,1985
4,3,1833,823,1,90210,531577,2021
2,1,1128,652,1,10001,283307,2011
4,3,1397,515,1,94102,421650,1976
4,2,943,521,0,10001,392976,2022
3,2,1902,286,1,90210,372888,1987
3,2,808,673,1,90210,371111,2018
4,3,1240,481,0,60614,373559,1977
4,1,1911,963,1,94102,437371,1981
2,1,2899,273,0,77005,381786,2002
2,2,3936,652,0,60614,580122,1998
3,2,2918,246,1,10001,524862,1983
1,2,2547,787,1,10001,433212,1999
4,2,1519,295,0,90210,449344,2025
2,1,2323,230,0,90210,333377,1992
3,3,2644,733,1,90210,540084,2009
2,3,1018,216,0,77005,260141,1989
4,3,2349,411,0,77005,484186,1988
4,3,3442,859,1,60614,661240,2000
5,2,3882,434,0,77005,715075,2002
1,2,1988,591,0,90210,283010,1987
5,2,1699,553,0,60614,441930,2005
3,3,3992,504,0,60614,610339,1996
2,2,3372,798,0,94102,507464,1979
3,2,3080,749,0,77005,474085,1978
4,1,2756,764,1,10001,537360,2013
5,1,3288,739,0,10001,602077,1989
5,2,2145,788,1,94102,582060,2023
5,1,1670,708,1,90210,471092,1994
3,1,3026,911,1,94102,517154,1991
4,2,2450,594,1,90210,528726,2007
2,2,1719,630,1,77005,346509,2012
2,2,1557,884,1,77005,345928,1978
3,2,702,985,1,60614,288175,2004
5,3,3539,761,1,60614,746575,2009
1,3,3501,376,0,60614,528781,2022
3,2,1769,605,1,60614,434884,1981
3,1,2503,500,1,10001,416216,1986
4,2,3698,644,1,60614,647796,2007
2,2,2355,938,0,60614,407466,1989
3,1,3177,326,1,60614,527574,2024
3,3,1278,548,0,90210,397892,2011
5,2,2568,220,1,60614,602249,2024
5,2,1588,910,1,94102,512262,2015
1,3,1705,900,0,60614,309538,1981
4,3,3075,619,1,60614,640116,2003
1,1,2207,351,0,10001,283926,2016
5,3,3469,359,0,60614,698176,2023
2,3,2102,679,1,90210,456244,2021
5,3,2389,642,1,77005,602666,2023
4,1,1785,295,0,60614,315430,1988
5,3,1531,551,0,60614,537581,2013
4,3,2025,274,1,60614,479790,1984
4,1,1661,793,1,10001,407598,2007
4,3,2578,839,1,77005,584158,1986
4,3,3158,558,0,10001,580533,1976
4,1,3040,332,1,10001,510903,1991
2,2,2642,599,0,10001,438544,2002
1,1,3360,338,1,90210,425931,2002
3,3,3141,445,0,77005,548086,2009
1,3,3871,490,0,90210,497207,1986
4,3,1878,311,1,90210,478827,2016
2,1,1802,914,0,77005,369611,2024
5,3,3194,369,0,90210,609882,1982
2,3,1193,798,0,77005,311249,2003
4,1,3036,830,0,60614,572123,2020
2,2,2021,809,0,10001,430727,2024
2,2,2805,439,1,90210,460107,2005
4,3,1627,536,1,77005,472263,1991
2,1,2814,337,0,94102,382294,1977
3,3,1559,793,1,90210,440678,1997
3,1,3056,435,0,90210,540101,2019
2,1,3875,847,0,77005,523095,1997
5,2,2841,993,1,94102,623030,1989
4,2,2882,202,0,94102,539770,2003
3,1,3365,770,0,60614,533596,1993
5,3,1773,315,0,90210,528698,2018
2,2,3830,671,1,10001,569675,2014
5,3,3950,330,1,90210,721358,1980
1,2,1415,682,0,10001,287233,1978
3,2,1003,600,0,10001,337577,2016
2,3,1492,400,0,77005,306984,2011
4,2,3325,491,0,90210,586152,2002
2,2,3982,541,0,77005,560517,2000
4,3,667,809,1,60614,363338,1979
2,2,687,415,1,10001,222081,1984
5,2,2864,835,1,94102,620875,1987
5,2,2648,784,1,10001,637172,2023
5,3,1758,565,0,60614,548226,2024
1,1,2320,841,0,10001,368062,2020
4,3,1974,668,1,77005,485893,2005
5,1,2787,617,1,90210,591496,2017
1,2,3265,226,0,94102,447485,2016
4,1,2780,876,1,77005,536923,1990
2,3,2243,654,0,90210,431954,2023
1,3,777,779,0,94102,206012,1985
3,2,3457,213,0,60614,526515,2002
1,1,1981,297,1,10001,306483,2004
1,2,3027,478,1,94102,366557,1977
4,2,1507,689,1,60614,421519,2012
2,3,3305,958,1,90210,550772,1984
3,1,3097,823,1,94102,512713,1981
5,1,1185,406,0,60614,344111,1982
5,1,3110,432,1,90210,614128,1999
1,1,1589,772,0,77005,249110,1993
4,2,1731,796,0,10001,462213,2004
4,2,2769,894,0,60614,555049,1997
5,3,2664,438,1,77005,633809,2007
3,2,1819,449,1,90210,420550,2007
2,2,2974,782,1,94102,515938,2020
3,3,917,939,1,10001,354531,1981
2,3,3456,796,1,90210,570688,2007
5,3,2102,505,1,60614,576857,2013
2,2,2634,662,1,10001,451103,2000
4,2,3923,982,1,77005,711908,2004
1,3,2642,435,0,10001,445244,2005
1,3,1102,490,1,77005,265269,1990
5,3,2622,238,0,90210,620648,2024
4,2,718,917,0,94102,355958,1979
3,2,1309,382,0,10001,324929,1982
4,1,644,898,0,94102,289093,1996
1,2,913,844,1,94102,217833,1999
1,2,3850,229,1,10001,552028,2019
4,2,1017,587,0,10001,357781,2006
4,3,3203,966,0,94102,621002,1976
1,2,1701,342,0,60614,247425,1995
3,3,925,814,1,60614,391885,2003
5,1,2039,618,0,10001,493596,2013
5,1,2586,273,0,94102,537905,2009
4,3,3162,254,1,94102,626335,2022
5,3,2861,947,0,90210,670547,2012
1,3,673,771,1,94102,245280,2006
1,2,2202,223,1,60614,362549,2013
4,1,1108,221,0,90210,362955,2023
4,3,2979,627,0,60614,599886,2000
4,2,3764,231,0,77005,635977,2000
3,1,1287,538,1,10001,347607,2008
5,2,1256,714,1,77005,447350,1994
4,1,2142,711,1,10001,472275,2012
2,2,1892,269,0,60614,347691,1979
2,1,1999,871,0,60614,385575,2023
1,1,3675,287,0,77005,469937,2025
5,2,3809,770,0,10001,688366,2000
4,3,3902,963,0,10001,669585,2002
2,1,3247,418,0,90210,421746,1977
5,3,2152,912,1,94102,572746,1991
1,2,1675,788,1,90210,312693,2012
3,3,924,966,1,60614,410757,2023
5,3,1591,958,0,77005,565548,2013
5,3,2593,469,1,10001,613939,1979
3,3,1316,850,1,90210,367985,1976
5,3,3370,277,1,77005,703613,2012
1,1,876,791,0,77005,177403,2005
1,1,3183,209,0,94102,346927,2000
3,1,751,667,1,10001,299920,2023
4,2,1554,535,0,77005,428364,1986
2,3,2106,835,0,10001,432656,2022
4,1,858,385,0,90210,316714,1990
5,2,2971,745,0,77005,589037,1983
2,1,3664,320,1,77005,541169,2025
3,1,1468,791,0,90210,322478,1986
3,3,1791,917,1,10001,464417,1979
2,2,1287,764,1,10001,303633,1993
1,3,909,867,0,77005,257402,2019
2,3,3450,473,0,90210,578079,2015
5,1,2102,609,0,60614,483113,1999
1,3,3727,557,1,10001,546806,2012
3,2,3267,846,1,60614,561607,2004
2,3,1072,297,1,77005,330531,2010
4,3,3967,440,1,60614,704637,1980
4,3,3108,756,1,60614,629109,2014
5,1,3995,910,1,10001,702926,1977
4,2,1413,313,1,77005,399733,1980
2,1,1445,686,0,60614,302324,2016
2,1,1764,988,1,10001,378311,2002
4,1,1266,440,1,60614,378960,1980
2,1,2909,355,1,10001,419597,2008
5,1,2408,551,1,77005,566523,2004
1,2,2043,243,0,90210,328582,2017
5,3,2367,791,1,10001,620130,2009
5,1,1864,511,1,10001,465306,1988
2,1,954,337,0,60614,173604,1986
1,2,2472,862,0,77005,393960,2013
2,2,2624,635,1,94102,426307,1976
3,3,3417,953,1,94102,648244,1989
2,2,779,342,1,90210,251517,2020
2,3,665,498,1,77005,244254,2005
2,1,1419,761,1,10001,266366,1990
1,1,1971,461,1,94102,340974,2019
2,3,770,711,0,90210,258594,1990
1,2,3121,872,0,77005,468976,2001
4,3,3181,261,1,90210,626275,2015
3,2,1990,766,1,94102,399806,1982
1,1,1730,622,1,60614,326126,2012
4,2,3086,595,0,60614,580705,1981
1,3,1434,230,1,77005,278309,1997
1,3,826,529,0,90210,259985,2016
3,1,1041,368,0,10001,255961,1976
5,2,3043,465,1,94102,614301,1978
5,2,1327,507,0,60614,499296,2021
1,2,2204,658,1,60614,340907,2018
2,1,2731,384,0,90210,370127,1980
4,2,1636,533,1,60614,461834,2021
2,3,2432,714,1,90210,467589,2002
2,2,2448,640,0,94102,372826,1986
1,1,3340,872,0,90210,450938,2000
1,2,1092,590,0,60614,220620,2020
1,2,3939,971,1,90210,527453,2010
1,3,2148,759,0,60614,352734,1990
5,2,1743,453,0,77005,533860,2014
1,3,1569,785,1,60614,391982,2015
5,3,3000,534,1,60614,689470,2023
5,1,3728,599,0,60614,634986,1982
1,3,2687,365,0,77005,394076,1989
3,3,1239,459,0,10001,388548,2020
4,1,772,203,1,60614,343677,2007
2,3,2170,318,1,10001,396537,2008
5,1,858,669,0,94102,408139,2010
4,2,1116,669,1,90210,369515,2003
3,1,3377,984,0,10001,515282,1983
2,3,1122,692,0,94102,300748,1989
2,1,2517,937,1,90210,443772,2017
5,3,3486,699,0,60614,721477,2023
1,2,2764,269,0,60614,396351,2018
3,1,2831,893,1,60614,486558,1988
5,2,2529,975,0,77005,578235,2022
3,3,1739,569,0,77005,442852,2014
1,3,2809,380,1,77005,428126,1982
1,2,3190,204,0,77005,436053,1995
5,1,3908,396,0,94102,703541,2001
1,1,1438,246,1,94102,244316,2010
4,3,1689,751,1,60614,498680,1984
2,2,1693,833,1,90210,373311,2012
5,2,3094,846,0,77005,620691,2013
3,1,3063,339,1,90210,497471,1985
4,1,3179,864,0,94102,599890,2019
5,1,3088,739,1,77005,629762,2014
1,2,3385,626,0,94102,442554,1989
1,1,2569,788,0,94102,336859,1976
1,1,3111,886,1,10001,440648,2022
1,3,3043,760,0,94102,490145,2024
3,1,3358,509,0,60614,488806,1991
4,1,2174,473,1,94102,426853,1982
2,2,2180,738,0,77005,386488,2023
3,2,3042,589,0,60614,585531,2022
3,3,2973,658,0,94102,534661,1988
2,1,1714,932,1,60614,376165,2014
2,3,1349,833,1,94102,341614,2007
1,2,1693,560,1,60614,309666,2016
3,3,1789,268,1,90210,458329,2025
5,2,3289,782,1,10001,706425,2009
2,3,2861,861,1,60614,507100,2010
2,3,2475,898,1,77005,481349,2017
4,1,2387,630,1,10001,491360,2017
5,3,3016,957,0,10001,679037,2017
5,1,2207,907,0,94102,514653,2014
2,1,648,231,0,60614,137615,1985
1,1,1675,820,0,10001,279673,2011
4,1,1912,712,1,77005,484211,2024
5,3,2249,381,0,77005,551169,2015
2,2,3910,885,0,77005,571760,2015
5,2,2780,880,0,94102,623001,2018
4,2,3646,447,0,90210,650085,1994
4,3,3433,819,0,60614,612598,2020
3,1,1789,496,1,10001,388599,2006
2,2,1997,975,1,60614,399035,1987
4,3,3020,229,0,10001,555207,1991
3,1,2428,501,0,94102,433865,2018
3,2,1078,675,0,60614,309209,1976
5,1,1431,551,0,94102,402057,1977
5,2,3297,681,1,94102,680731,1983
3,2,2214,516,0,60614,426252,1992
5,2,1281,936,1,60614,499124,2007
4,1,3335,596,0,10001,596305,2019
1,3,1923,288,1,77005,345582,1995
4,1,681,433,1,94102,302202,2008
3,2,686,367,1,90210,276973,1986
3,1,2872,942,0,10001,499988,2012
4,3,2663,325,0,10001,520225,1987
5,1,1421,772,1,77005,459200,1990
5,3,762,319,0,77005,375841,2009
3,3,3161,627,0,94102,578389,1989
2,1,2997,389,1,10001,376774,1982
5,2,2532,832,0,10001,593725,2017
4,3,3328,627,1,90210,668973,2006
5,1,2450,759,0,94102,495182,1981
4,3,2460,401,0,94102,537524,1998
3,2,1715,258,1,77005,366712,1976
5,1,2828,896,1,94102,610132,2006
4,1,3390,422,1,90210,558125,1985
3,1,3972,691,1,94102,582444,1990
2,2,3307,210,0,60614,443797,1999
4,3,3860,992,0,60614,716520,2018
2,1,2482,900,0,90210,410550,1994
2,3,3985,711,1,77005,629927,2025
1,3,3140,509,0,10001,455325,2009
5,2,1522,948,0,94102,533393,2017
4,1,2775,233,0,77005,496880,2006
2,3,2049,539,1,77005,399893,1981
1,1,2182,846,1,94102,335214,1994
3,1,1164,680,0,10001,326116,2024
4,2,3858,773,0,94102,667075,1994
2,1,3197,938,1,10001,487388,1981
5,1,3100,292,1,90210,629671,2017
1,3,1070,827,1,10001,294657,1996
2,2,1587,332,1,77005,289645,2006
5,1,3385,618,0,90210,588961,1988
2,3,2534,667,1,60614,481460,2025
4,2,823,643,0,90210,354530,2021
4,2,2801,904,1,10001,551897,1991
4,3,3207,229,0,90210,604941,1990
1,3,950,497,0,90210,261988,2025
4,3,3818,260,1,60614,684062,2012
5,3,2528,657,0,10001,613138,2017
2,3,948,503,0,77005,272947,1996
3,1,781,539,0,90210,257211,2002
5,1,1236,647,1,94102,475701,2022
5,2,1617,501,1,77005,427465,1976
4,1,2826,739,1,90210,577038,2012
1,1,3710,684,0,77005,507073,2001
2,1,1371,276,0,94102,303236,2022
1,3,3541,832,0,77005,491901,2001
2,2,3674,714,0,77005,544369,2016
2,2,1615,748,1,94102,360565,1991
1,2,2711,858,0,94102,413026,2019
5,2,628,291,0,94102,336229,1984
2,1,3019,984,0,60614,467080,2013
1,1,2744,665,1,94102,377212,2022
2,3,2493,665,0,77005,420944,1976
3,2,2065,798,1,94102,405275,1983
5,1,1826,239,1,90210,468999,1990
4,1,3640,889,0,94102,608563,2012
2,3,2668,528,0,94102,467230,2008
3,3,3382,484,0,10001,586511,2018
4,3,1725,753,0,77005,476791,1994
4,1,3717,996,1,77005,656946,1999
2,1,665,265,1,90210,189479,1984
1,3,3250,835,1,60614,471743,1989
2,2,3835,856,1,10001,568036,2003
3,3,1734,831,1,90210,511148,2019
4,3,937,308,1,90210,422070,2014
2,3,2770,614,1,77005,484742,2001
1,3,2328,291,1,10001,388866,2023
2,1,1046,567,1,77005,224171,2000
5,2,3258,622,1,60614,701464,2022
1,3,3962,771,0,77005,519531,1984
3,2,3318,938,0,94102,574774,1990
4,2,3262,439,0,77005,610699,2011
2,2,3544,634,1,94102,557156,1994
1,3,880,411,0,90210,235726,1997
5,1,3714,599,1,60614,683153,2016
1,3,1195,809,1,94102,295268,2005
5,2,2586,725,0,60614,590340,2010
3,2,3350,929,1,77005,555075,1979
4,1,1674,667,0,77005,380285,2007
3,3,809,369,1,90210,283249,1997
2,2,725,991,1,77005,295226,2008
1,1,1091,409,0,94102,162931,1982
5,2,3607,455,0,90210,697650,2010
5,1,1569,882,0,60614,473409,2025
1,1,1180,272,0,90210,164577,1978
1,3,3424,346,0,60614,517290,2024
2,2,2905,539,0,10001,494556,2011
3,3,1811,516,1,94102,417576,1987
5,2,829,817,1,94102,401748,1998
2,3,788,805,1,60614,348310,2025
3,2,2657,774,1,77005,519658,2021
2,3,3785,353,0,77005,535445,1984
5,1,3747,454,1,10001,663404,2004
1,2,3323,550,1,60614,435427,1990
1,2,1101,746,0,10001,227874,1980
3,1,2732,511,1,60614,454985,2013
4,3,648,964,0,10001,405041,2025
3,2,3485,868,0,60614,591894,2010
4,2,3655,333,0,94102,590179,1985
2,3,1288,328,1,10001,360942,2004
2,1,986,635,0,10001,247316,1994
5,3,1569,479,1,60614,511759,2010
4,3,1605,557,1,90210,477227,2011
5,3,2865,451,1,90210,636935,1980
1,2,2324,334,0,94102,319700,1984
4,1,2604,722,0,77005,543531,2014
3,1,3652,859,0,77005,599474,2025
1,3,3901,518,1,94102,560057,2009
1,2,2902,279,1,77005,394035,1985
3,3,2883,390,0,60614,561777,1976
1,2,3697,652,1,90210,479930,1998
4,2,2207,543,0,94102,479961,2019
5,2,3932,229,0,60614,701821,2017
1,2,2389,613,1,94102,401643,2004
4,1,870,567,1,90210,286072,2000
2,2,722,940,0,77005,230122,2014
4,2,3303,795,1,60614,631055,2019
5,3,1880,701,0,90210,560453,1980
4,3,2044,861,0,94102,491958,1979
3,1,858,900,1,10001,288551,2011
5,3,1547,220,0,60614,485140,1988
2,2,2694,748,1,94102,495038,2005
3,3,1462,445,0,94102,382676,2012
4,1,1124,482,1,90210,389588,2024
5,3,1487,813,1,94102,540485,2018
2,3,807,431,0,60614,259695,1981
3,1,3982,515,1,60614,604770,2020
2,1,3394,999,1,94102,510922,1989
4,2,748,535,0,90210,342319,1989
2,3,1037,610,1,60614,321485,1993
1,2,2802,444,0,10001,339953,1985
3,3,3761,586,1,77005,626722,2020
2,3,2321,888,0,90210,427715,2000
4,2,957,924,0,90210,369249,1987
4,3,3845,557,0,77005,673533,1985
2,3,1840,813,0,77005,357568,1989
4,3,2530,997,1,60614,601334,2012
5,1,1055,221,0,94102,379464,1989
5,2,3423,218,1,94102,684560,2018
5,1,2232,486,0,10001,480303,1987
1,2,1228,475,1,94102,252181,2013
2,2,3870,858,0,10001,551948,2013
1,3,3479,751,1,10001,536256,1986
4,2,1085,878,1,90210,394880,1983
1,1,3180,802,0,90210,378855,1998
4,1,799,271,0,60614,330982,2008
4,1,970,564,0,77005,350370,2007
3,2,1613,994,1,77005,422885,1988
5,1,2582,534,1,10001,537727,1994
4,2,3500,851,1,77005,638169,2004
3,1,2071,950,1,10001,432347,2024
5,1,847,789,0,77005,434493,2013
4,2,1387,398,0,60614,386580,2003
4,1,2911,216,0,90210,488795,2001
1,3,3729,417,0,90210,493810,1998
1,2,3973,940,1,10001,552796,2015
5,2,2678,849,1,77005,634369,1993
4,2,2121,346,0,94102,471936,2002
2,3,1872,409,1,60614,436321,2024
1,2,1204,869,0,77005,250556,1996
5,1,3942,613,1,94102,700245,2009
4,1,2289,864,1,60614,457249,1986
4,1,2017,529,1,60614,472030,1992
2,2,2420,551,1,90210,427369,1988
5,1,1101,362,1,10001,423838,2004
4,2,3755,300,1,77005,680003,2021
1,1,3533,526,0,60614,398397,1978
2,3,1148,526,1,77005,312400,1986
5,3,1965,354,0,60614,560937,2010
2,3,1438,209,0,90210,351136,2013
1,3,2030,552,0,10001,348731,2000
5,2,2048,382,0,94102,543399,1995
2,1,3764,654,0,94102,511759,1987
3,3,1447,845,0,90210,406389,1978
1,2,1213,205,1,60614,238552,2003
1,3,1011,532,1,90210,228266,1978
1,3,3079,532,1,10001,497883,2014
3,2,1277,457,0,94102,362220,2012
3,2,758,410,0,77005,296229,2008
4,1,2661,250,0,94102,465677,1999
2,1,972,644,1,10001,267619,1998
4,3,2872,858,1,60614,602230,2008
2,3,1696,576,1,90210,403947,2010
3,1,3920,839,0,94102,577010,2010
3,1,3158,685,0,94102,501109,2013
4,2,1202,969,0,77005,406491,1997
5,1,815,250,1,90210,392579,2017
4,1,2596,353,0,77005,486583,2000
2,3,2164,781,0,77005,407906,1998
4,1,2440,987,0,60614,505614,1985
1,3,2562,990,0,94102,436476,2013
2,1,3635,509,1,90210,502817,1990
2,2,3891,598,1,60614,582849,2017
5,1,3487,333,0,60614,584895,1979
3,1,1326,419,0,60614,343083,2012
2,1,1844,362,1,10001,323645,2014
3,3,3201,847,1,10001,620398,1994
4,2,1665,768,0,60614,411400,1988
1,1,1275,701,1,10001,262008,2023
5,3,3520,888,1,90210,737790,2010
3,2,882,314,0,94102,292647,2006
2,3,1681,698,1,90210,390638,1994
3,3,3481,671,1,94102,630445,2003
2,2,3184,348,1,10001,505519,2009
3,1,3744,440,1,90210,555122,2010
2,3,2508,322,0,77005,396473,1988
4,3,3570,268,1,60614,643770,2018
2,1,1752,262,1,94102,310418,2007
2,1,3489,932,0,94102,538806,1996
1,2,1547,215,1,77005,256466,1992
2,2,1264,589,0,77005,344868,2012
1,2,2317,789,0,60614,359481,2004
5,1,1748,833,1,10001,471649,1982
1,3,666,457,1,90210,240365,2009
4,3,2653,416,1,90210,571279,2011
1,2,1236,678,1,90210,238045,1976
5,1,913,313,1,10001,320892,1978
4,3,3997,579,0,60614,669867,1994
3,2,1164,857,1,90210,338613,2013
3,3,2201,436,0,94102,476404,2005
1,3,1425,675,1,94102,255983,1977
1,1,3153,797,0,94102,424383,1986
5,1,1705,878,1,77005,484520,1993
5,3,1625,328,1,77005,527088,1999
2,2,2851,709,1,10001,448616,1991
5,1,1261,364,1,90210,401830,2010
2,3,1404,476,1,77005,335245,1998
4,1,3051,456,0,94102,546183,1992
1,1,3774,331,1,77005,485251,1979
4,1,1135,769,1,94102,407117,2025
5,3,1991,456,1,90210,510586,1985
4,2,1835,340,0,10001,394062,1978
4,2,3224,885,1,60614,581883,1995
4,2,3880,886,0,60614,654716,1990
5,1,3410,408,1,94102,607855,1982
4,3,2520,915,0,77005,553017,1993
2,1,2764,718,1,77005,403831,1993
5,2,1227,250,1,94102,398727,1987
4,2,1348,702,0,90210,414782,2008
5,3,704,458,1,94102,435988,2003
3,1,3142,377,0,90210,467353,2003
2,2,645,742,1,10001,272074,2011
4,3,3470,555,1,10001,673685,2000
3,1,1954,517,0,94102,325634,1996
3,1,1839,865,1,10001,429663,2001
5,2,1581,563,0,77005,466294,1981
3,2,1559,254,0,90210,382722,2010
2,1,2115,355,1,60614,315832,1987
2,1,2436,243,1,60614,369492,1978
1,2,3492,792,1,10001,487841,1981
2,1,3096,877,0,90210,457419,2012
3,2,3183,741,0,77005,564947,2009
2,1,3158,521,1,60614,473086,2014
5,2,2081,847,0,77005,520099,1997
1,3,2159,213,0,77005,331621,1994
3,2,3187,556,0,60614,536865,2002
1,2,2107,682,0,60614,336747,2013
3,3,2663,817,1,10001,527314,2006
5,1,2600,558,1,90210,576759,2011
1,3,2890,517,1,94102,478045,2022
4,2,2573,274,0,90210,500920,1992
3,1,3878,790,0,94102,547948,1998
4,3,1511,393,0,60614,400058,1976
1,1,1894,562,0,77005,279618,2024
4,1,3408,295,1,90210,589171,1979
4,3,2402,239,0,77005,515507,1996
1,1,3352,967,0,90210,432945,2000
5,3,2353,596,1,90210,562925,1979
4,2,714,306,1,77005,334202,2000
4,1,2203,216,1,10001,472130,2006
5,2,1922,726,0,60614,460901,1984
4,2,2460,983,0,10001,532753,1998
4,1,3044,698,0,10001,540208,2006
4,3,3041,724,0,90210,628913,2015
2,1,1698,958,0,60614,354682,2016
5,2,1577,925,0,90210,478039,2003
4,2,2105,862,1,94102,465215,1989
5,3,1726,242,0,90210,478611,1985
3,1,896,825,1,77005,333591,2007
3,2,3649,792,1,90210,602213,1981
4,2,2825,549,1,94102,560397,2008
5,2,3886,852,0,90210,680503,1977
5,3,3614,229,0,94102,675663,1999
5,2,2962,640,1,60614,622247,2020
2,2,1662,741,0,90210,369945,2016
3,1,858,654,0,94102,316848,2024
5,1,2654,977,1,60614,578507,2002
5,2,2696,810,0,77005,573086,1988
2,2,2808,293,0,10001,414484,1998
2,1,2492,922,0,94102,389292,1998
5,3,775,494,0,77005,383496,1981
1,3,3673,748,1,60614,507595,1976
5,3,1600,288,1,77005,507127,1987
5,3,2518,702,0,90210,639567,2024
2,3,3102,966,0,10001,486726,1980
2,3,2267,413,0,94102,436386,2021
5,3,875,621,1,60614,437473,1976
5,3,3145,725,0,10001,661954,2015
5,1,1275,391,0,60614,420878,2016
2,3,2423,893,1,77005,474222,1983
5,3,1651,841,0,60614,541252,2024
5,3,1956,423,1,60614,517391,2011
4,2,3672,754,0,77005,576555,1987
1,1,3859,892,1,77005,491716,1985
3,1,2703,586,0,10001,445730,1989
1,1,1146,880,0,94102,236354,2019
4,3,1735,975,1,77005,518035,2006
3,3,3981,673,1,10001,624160,1992
5,2,2683,807,1,60614,583513,1991
4,1,2640,402,1,60614,504561,1992
5,3,1038,646,1,90210,484817,2004
2,1,2352,267,0,77005,343412,1995
4,2,2215,291,1,10001,460404,2003
2,2,2449,977,1,10001,457549,2007
4,2,3242,377,1,94102,616072,2022
4,1,2200,862,1,10001,463935,2002
2,3,3996,758,0,77005,568827,2006
3,3,2263,202,0,10001,449825,1987
1,2,906,302,0,90210,176350,1998
5,3,1218,472,0,60614,451133,1987
4,2,1732,733,0,60614,456841,2009
5,1,1995,315,1,10001,469311,2007
2,2,3004,663,0,10001,454907,1978
5,1,2828,303,0,10001,526754,1991
2,2,1979,458,1,10001,334892,1994
5,3,2299,507,1,90210,531780,1979
1,3,2715,566,0,77005,394735,1980
1,2,2939,841,0,90210,431832,1979
1,3,3339,501,1,90210,469770,1980
1,3,780,759,0,90210,253613,1987
1,3,3081,226,1,60614,469376,1991
1,1,2087,707,1,90210,320375,1996
2,3,1513,726,0,10001,393089,2009
4,1,2157,974,0,90210,482627,1984
5,2,2713,564,0,10001,587073,1979
1,3,1644,497,1,77005,278563,1997
2,3,2235,976,1,60614,467565,2020
2,3,3031,560,0,77005,491226,2009
2,2,2238,845,0,77005,433472,2009
4,1,2182,703,0,60614,464204,2012
5,1,2686,787,1,10001,614996,2002
4,3,1908,229,1,10001,460281,1976
3,2,1421,638,1,10001,362440,1989
2,2,1201,539,0,60614,260477,1986
3,2,2220,325,1,90210,421557,1987
1,2,1384,795,1,94102,277524,1994
1,2,1811,765,0,90210,293028,1990
4,1,1270,565,1,90210,341952,1976
5,1,1866,994,0,77005,472187,1989
3,1,1696,642,1,94102,386120,1978
5,3,3126,462,0,10001,702650,2012
4,2,2597,421,0,90210,505334,1999
1,3,3208,201,1,60614,484829,2007
5,2,700,593,0,90210,363093,1995
5,1,3161,505,1,10001,584813,1980
1,3,2379,345,0,90210,365399,2017
3,1,775,729,0,77005,277346,1988
1,2,837,727,0,77005,223740,2009
5,2,3557,507,1,90210,701558,2007
3,2,3730,870,0,77005,601265,1982
3,1,1722,539,0,60614,358757,2022
1,2,3518,551,1,94102,450861,1978
5,1,2577,408,0,90210,557004,2015
4,3,3142,404,0,60614,596488,2004
5,2,3594,824,0,60614,708988,2022
2,2,2603,889,0,60614,432755,2009
4,2,2137,920,1,10001,554294,2018
3,3,1354,835,0,90210,390920,1980
4,2,3968,214,0,90210,659241,1992
3,1,2858,627,1,90210,515332,2015
3,1,1746,675,0,94102,336472,1995
4,2,3900,497,0,60614,655259,2015
3,2,2011,756,1,90210,412865,1988
3,3,739,293,1,77005,318404,2005
2,3,1140,306,1,10001,310455,1980
5,3,2014,618,1,94102,528844,1996
5,2,869,477,0,10001,400077,2016
2,3,1635,327,1,60614,351960,2000
4,3,2490,658,0,77005,519619,1999
1,1,1105,237,1,60614,214445,2018
1,3,1729,808,0,90210,308460,1987
1,1,2679,397,1,10001,397986,2018
2,1,3745,903,1,77005,552147,2018
2,3,3842,556,0,10001,578178,1992
3,1,2472,206,1,94102,439799,2010
1,2,1692,755,1,77005,242319,1985
4,2,1412,531,1,94102,402047,2013
4,3,961,718,0,77005,407670,2003
1,2,2056,393,1,90210,346009,2014
1,1,1528,515,1,10001,246176,1999
1,2,699,200,0,10001,195502,2004
2,3,2281,261,0,60614,410349,1994
2,3,2656,542,1,77005,481105,1977
2,1,3344,800,0,77005,429206,1999
5,3,1652,217,0,94102,549732,2024
4,2,3785,819,0,77005,623306,1981
4,3,3109,846,1,10001,626697,1993
3,1,1520,570,1,77005,374235,2000
2,3,3814,778,0,60614,541004,1998
5,2,3037,804,1,60614,645833,2007
5,1,1231,849,0,10001,423726,1983
4,2,1281,900,1,10001,431759,2021
2,1,2804,770,0,10001,435174,1993
3,3,2982,898,1,77005,592627,2006
2,1,2907,434,0,77005,416783,1996
1,1,2729,268,1,90210,349277,1981
2,3,1353,646,1,94102,391492,2018
1,2,2064,809,0,77005,331900,1988
1,3,3843,207,1,90210,552232,2009
3,1,3902,661,1,90210,557624,1982
4,3,1319,510,1,60614,474039,2025
2,1,674,333,1,77005,236837,2023
1,3,1893,584,1,90210,350977,1980
2,3,2522,255,1,60614,421790,2000
4,2,3273,559,1,94102,621722,1995
4,1,661,313,1,60614,302166,2018
5,2,1473,287,0,94102,476462,1983
4,1,919,337,1,10001,290980,1980
3,3,2749,307,0,10001,499914,2018
1,1,2052,699,1,60614,295339,1991
5,2,1473,734,0,10001,476967,1987
3,2,2345,343,1,77005,456750,1998
2,2,3601,855,0,60614,593440,2022
1,1,2902,255,0,90210,361940,2010
4,2,2155,819,1,77005,509650,2013
1,2,3217,205,0,60614,408260,2006
2,2,711,741,1,94102,268623,2021
5,3,3632,646,1,10001,686555,1989
5,3,3984,584,0,10001,735623,2006
5,1,3645,506,1,10001,637590,2002
4,1,1060,838,0,60614,357279,1990
3,2,3355,501,0,77005,567153,1992
3,3,1486,832,1,94102,405632,1981
1,2,1715,604,1,10001,266222,1978
4,2,1675,810,1,77005,464885,1992
5,3,1119,877,1,90210,491964,2007
5,3,1411,952,1,90210,547996,2009
2,3,3769,761,0,94102,582041,2021
2,1,2883,979,0,10001,425729,2001
5,1,2524,709,1,90210,580373,2008
5,2,2204,272,1,77005,509594,1976
4,1,1526,763,1,77005,447287,2018
3,3,1156,464,0,90210,335629,1999
2,3,3296,426,0,10001,535573,2011
3,1,2881,392,0,94102,454629,1981
4,2,1655,573,1,10001,426407,2013
5,2,3960,950,1,60614,753431,2010
3,1,1178,209,0,90210,246926,2004
5,2,1141,501,1,60614,474547,2006
5,2,2761,558,1,90210,590647,2013
1,2,2851,939,0,94102,419272,2006
3,3,1652,251,0,10001,416651,2024
3,3,3290,951,1,10001,578307,1991
5,1,1073,298,0,90210,393184,1979
4,3,3344,792,1,77005,647166,2007
1,2,2900,212,0,60614,361204,1981
5,3,1504,589,0,10001,470060,1989
2,1,2545,556,1,10001,408340,2020
2,3,985,839,1,90210,330270,2012
1,2,661,210,0,77005,197661,2022
4,2,1114,280,1,60614,382602,2004
5,1,1029,460,0,77005,352729,1987
3,3,1179,205,1,77005,348024,1990
1,3,2160,657,0,90210,328509,1992
4,3,1764,572,0,77005,492665,1999
3,2,3390,680,0,60614,566880,2019
2,1,1923,421,1,94102,347300,2023
2,3,3322,280,0,94102,451277,1979
3,2,2958,714,0,60614,499366,1993
1,2,1070,259,0,90210,262596,2024
2,2,2016,420,0,10001,353830,1984
5,3,2265,548,1,90210,616079,2010
3,3,2068,760,1,60614,478132,2001
3,3,1408,427,0,77005,335746,2011
2,3,771,489,0,94102,269942,2002
1,3,3223,492,1,77005,491924,2011
5,3,630,392,0,90210,410512,1995
1,3,646,673,1,60614,239515,2012
4,3,729,456,0,94102,357264,2012
4,3,2999,705,1,60614,633165,2020
2,2,1577,587,0,94102,327204,2012
2,3,2245,814,1,94102,464672,2009
2,1,2204,597,1,94102,376310,2008
4,2,657,565,1,90210,330147,2006
1,3,1729,857,0,60614,351087,2009
1,1,3459,489,1,10001,435572,2010
2,3,1953,968,1,10001,403380,1986
5,1,1367,508,0,10001,394821,1987
1,1,1282,477,0,60614,205794,1994
4,1,2608,663,0,77005,453524,1982
3,1,3833,388,0,60614,575342,2017
3,2,3644,377,1,94102,603858,1999
3,2,2933,727,0,77005,496565,1980
5,1,3742,574,0,94102,637551,1993
2,3,2390,797,0,94102,452536,2016
4,1,2077,959,0,60614,475564,2009
5,2,1485,653,0,10001,454355,1977
4,3,996,416,0,77005,392478,1977
4,2,2138,241,0,90210,418335,1990
2,2,2673,393,1,10001,451218,2009
3,3,912,526,1,90210,359207,2008
2,1,2773,572,1,60614,427564,2003
5,1,2188,664,1,77005,521108,1992
5,1,1821,362,1,60614,483609,2018
5,1,1410,475,0,90210,412773,2013
2,3,2835,563,0,94102,483920,2003
4,3,3345,841,0,60614,660535,2006
4,3,3457,974,0,77005,662453,2004
1,2,3363,679,1,60614,470436,1979
5,3,2632,888,1,10001,635852,2003
4,1,2107,659,0,60614,442861,1985
1,2,1049,464,0,90210,172465,1991
4,1,3170,738,1,60614,641748,2023
5,1,2494,585,1,77005,536098,1992
3,3,1977,284,1,60614,425136,1993
5,3,3633,907,0,60614,698334,1980
2,1,3305,515,0,77005,451274,2009
4,1,1196,442,1,60614,319329,1981
4,2,2747,668,1,77005,565920,2007
2,3,1215,541,0,90210,311832,1996
2,2,1547,376,0,77005,315977,2003
3,2,2181,329,0,90210,429871,2011
4,2,1155,856,0,90210,403638,2012
4,1,877,282,1,77005,321738,2024
3,2,2613,559,1,60614,466502,1987
1,2,1090,287,1,10001,203575,1977
3,1,854,731,0,77005,274175,2008
5,3,3028,941,0,60614,690693,2020
4,3,1491,837,0,90210,447245,1994
2,2,1141,670,1,94102,299741,2005
5,1,1887,697,1,10001,483695,1986
4,3,2233,706,1,60614,546302,1998
3,2,1424,553,0,10001,368210,1999
5,2,3526,615,0,94102,732010,2024
4,1,1952,250,1,94102,437975,1993
1,2,3786,799,0,94102,483941,2010
1,3,3947,881,1,77005,534072,1987
2,1,880,262,1,10001,219607,2004
4,3,1898,288,1,77005,451941,1983
1,3,1372,900,1,94102,299009,1979
3,3,3490,389,0,60614,606381,2013
4,2,3366,800,0,94102,625929,2024
3,2,927,547,0,77005,340843,2012
3,3,2858,737,0,94102,554734,1988
1,3,3374,375,0,94102,419913,1985
4,1,1522,563,0,77005,354772,1998
5,1,1151,975,1,77005,474794,2019
1,2,2673,753,0,60614,415346,2008
1,2,2674,682,0,77005,381553,1985
4,1,1301,318,0,60614,341218,1990
4,3,3754,368,1,90210,656737,1985
3,2,2519,819,0,90210,478581,1990
4,3,3329,346,1,77005,615729,1982
3,1,3060,887,0,94102,553504,2022
1,2,766,636,0,10001,175775,1996
2,2,768,638,0,94102,246059,2002
5,1,828,388,1,77005,396006,2006
1,2,2602,359,1,60614,361438,1980
4,1,966,601,0,94102,340113,1995
5,2,1127,785,0,90210,452122,2002
2,1,1390,217,0,77005,265353,2019
2,2,1123,339,1,94102,258836,2000
3,3,1695,314,1,94102,413244,2013
5,3,2268,527,0,60614,564474,2018
3,3,2753,424,1,60614,510380,2021
1,2,3379,757,1,60614,479585,1982
5,2,2508,638,1,10001,557979,2013
1,3,3612,749,1,77005,562879,1997
3,3,1905,917,0,77005,446794,2006
5,1,732,585,0,90210,363882,2012
3,1,3181,720,1,90210,487802,1994
5,1,3622,452,1,77005,638491,1976
3,3,2916,819,1,94102,556332,1999
2,3,3320,297,0,77005,514071,2001
3,3,2242,986,0,10001,494757,2022
2,1,3438,270,1,90210,491916,2005
3,2,2488,750,1,90210,477821,2008
5,3,2370,646,1,90210,587875,1987
5,2,617,289,1,77005,396389,2011
5,2,2377,629,0,90210,571176,1988
4,2,716,418,0,90210,321618,1978
1,1,1397,306,0,77005,213797,2002
5,2,3815,675,0,94102,718090,2018
2,3,3198,653,0,90210,521718,1998
5,1,3576,807,0,90210,673284,2005
4,3,2311,743,1,90210,543363,2010
2,3,1352,325,1,10001,359514,2010
4,1,3069,346,0,77005,501460,1991
2,3,1992,479,0,90210,406276,2009
3,3,3293,223,0,10001,583278,2017
1,1,3205,920,1,94102,414068,1991
1,3,2697,319,1,94102,381802,1997
4,2,1277,985,1,10001,408658,1987
1,3,705,851,1,94102,198452,2008
4,2,3887,496,0,60614,658932,2014
4,3,1257,281,1,94102,401785,2007
4,1,2546,647,0,60614,532215,1978
1,1,2048,919,1,10001,345923,2004
4,3,1695,669,1,60614,461393,1977
1,1,1587,622,1,94102,297448,2011
4,3,3489,744,1,90210,705200,2025
5,1,2408,223,0,60614,507679,2024
4,2,2382,260,0,94102,491691,2018
2,3,1045,900,0,90210,339089,2004
4,2,2548,283,0,10001,485739,2001
3,2,3857,424,0,10001,623806,2024
4,3,2717,879,0,77005,611145,2017
2,2,2597,385,0,10001,425737,2017
2,3,2797,574,1,77005,504446,2013
1,2,3917,271,0,10001,526885,2020
5,3,1373,273,1,10001,492631,1996
4,3,2161,540,0,10001,528063,2011
1,1,2275,352,1,77005,325840,2011
5,3,1722,295,0,77005,489697,1976
4,3,1901,764,1,60614,486869,2019
3,2,2186,644,0,94102,480311,2015
4,3,2286,885,0,94102,521198,1986
2,1,1543,309,0,94102,248050,1988
2,2,1054,657,0,10001,271239,1986
3,2,1727,250,1,94102,420628,2024
1,1,1545,576,0,77005,196771,1978
5,2,1200,964,0,60614,441550,1987
4,2,3300,272,1,90210,610346,2016
2,2,1324,411,0,60614,269391,1982
1,2,2880,631,1,94102,461030,2009
3,1,2017,923,1,94102,436446,2019
2,1,2124,962,0,77005,348901,1986
3,2,850,367,0,60614,261742,1987
4,2,2144,974,1,77005,518603,2022
5,1,678,530,0,77005,348140,1991
2,1,3723,941,1,90210,508953,1979
2,1,1497,950,0,77005,288441,1990
4,2,3568,986,0,77005,640063,1995
1,2,1380,693,1,90210,274923,2001
5,3,825,342,0,10001,402299,1985
2,1,1674,781,0,10001,327076,2013
5,2,1809,644,0,90210,518592,2008
2,1,1657,593,1,77005,373170,2005
5,2,1402,711,0,94102,463336,1978
3,1,1341,885,1,60614,366104,2025
2,2,2778,820,0,94102,468110,1990
5,3,3670,914,1,94102,697624,1976
1,3,3279,896,0,77005,494374,2018
3,1,3485,527,0,60614,521987,1978
3,2,3406,803,1,60614,599267,2005
1,2,1303,458,0,10001,233230,1983
5,1,3144,636,1,90210,609394,2005
4,2,2026,917,0,77005,470781,1999
1,1,2970,763,1,60614,414773,2007
5,2,3881,548,0,77005,698454,2003
1,1,1214,892,1,10001,229763,1976
1,2,928,714,0,94102,190953,1983
2,1,1995,648,1,60614,336763,1991
5,2,2083,598,1,10001,491683,1986
4,3,732,795,0,77005,379456,1984
2,2,1434,413,1,10001,298497,1978
1,1,3298,745,1,10001,412329,2021
1,3,720,761,0,10001,218950,1985
1,2,3253,488,0,10001,444676,2018
5,3,2075,458,0,10001,575918,2015
5,2,1564,457,0,10001,472147,2010
2,3,728,587,0,90210,238062,1987
4,1,3762,983,0,77005,643930,1979
2,2,2198,893,1,94102,447889,2002
3,2,2676,744,1,77005,506086,2005
1,1,3369,464,1,60614,440552,2003
1,3,2147,512,0,60614,323115,1977
1,1,932,239,0,77005,114020,1988
2,1,3968,409,1,10001,542603,1979
2,3,1753,471,1,90210,380895,2018
1,1,1916,335,0,94102,307820,2019
2,2,1796,798,1,10001,407444,2024
5,2,3591,259,0,77005,658793,1996
5,2,3695,709,0,77005,702131,2013
2,1,3770,875,1,90210,557778,2003
1,2,2029,714,0,90210,301991,1997
2,2,955,214,0,77005,255888,1988
2,2,738,813,0,10001,241314,1989
2,2,2126,454,0,10001,406200,2006
3,2,1797,936,1,10001,417053,1993
5,2,628,921,0,94102,393700,1997
4,1,1530,734,0,94102,375977,1976
4,2,3143,434,1,10001,608520,2011
3,2,1613,330,0,77005,402017,2003
2,3,3302,869,0,90210,513888,1984
3,1,1427,884,1,60614,377341,2023
3,1,950,216,1,90210,264415,1989
1,1,3201,384,0,90210,344991,1997
5,1,2624,590,0,60614,516801,1981
4,2,898,622,1,10001,379103,2018
2,2,2343,641,0,90210,458112,2004
4,3,2465,895,0,60614,558419,1997
4,3,1815,854,0,77005,523069,2024
5,1,2295,755,1,77005,492876,1985
4,3,2711,211,0,77005,522395,1977
4,3,1354,719,1,10001,446071,1976
3,1,1369,279,1,90210,352182,1981
5,1,1838,873,1,90210,508764,2025
1,3,1433,501,1,94102,244038,1982
2,2,2813,415,0,77005,427542,2006
4,3,2506,447,1,10001,542523,2005
2,3,3903,740,0,60614,566060,1989
1,2,2164,471,1,10001,376100,2018
2,2,1818,332,1,90210,354255,1999
1,1,1105,204,0,77005,132131,1979
3,1,1957,955,1,94102,432774,1991
4,3,3440,741,1,10001,718910,2020
1,2,3975,828,0,94102,470799,1981
2,1,3480,889,1,90210,518002,1982
4,3,2060,972,1,60614,538197,2007
3,2,3994,946,1,10001,635859,2008
4,3,3505,340,0,90210,628396,2025
1,1,2016,682,1,77005,297644,2001
3,1,3453,504,0,10001,514062,1999
2,2,1772,544,0,94102,361349,2019
3,3,1360,761,0,10001,413970,1982
3,2,1432,469,1,90210,340491,1984
5,1,2028,307,1,90210,457018,1997
3,1,882,757,1,94102,284446,1995
3,3,978,673,1,90210,364290,1982
4,3,797,281,0,10001,336796,1983
2,3,3662,837,0,94102,576079,1990
4,2,3671,283,1,90210,641649,2007
4,3,1155,489,1,90210,441173,2020
1,3,955,270,0,10001,256744,2001
4,1,2163,374,1,90210,430637,1995
5,1,1640,662,1,10001,463286,2017
5,3,3286,594,1,77005,676124,2006
1,3,978,290,1,10001,265206,2016
2,1,1279,668,1,60614,271368,1989
2,3,3153,633,1,90210,540152,1999
4,2,2379,448,0,77005,506779,2013
4,2,1498,843,0,94102,408037,1985
4,2,675,880,0,60614,377083,2024
2,3,830,771,0,94102,296479,1976
3,1,2339,440,1,60614,407654,2005
5,3,1561,901,1,77005,505746,1993
3,3,3919,695,0,77005,644471,2002
3,1,2949,539,0,77005,499499,1982
2,1,3373,992,0,60614,454467,1984
3,1,2862,943,0,10001,480150,1992
1,2,3829,670,0,94102,500851,2017
4,3,2716,662,1,10001,616663,2024
1,1,992,474,1,10001,147614,1996
5,3,1708,214,0,90210,479776,2004
4,2,866,240,0,94102,339166,1980
3,2,1692,407,1,60614,404736,2015
5,1,1210,259,1,90210,372043,1983
4,1,1970,564,1,90210,453283,2009
3,3,1608,439,0,77005,386484,1990
1,1,1561,807,1,60614,290666,2013
4,3,3375,989,0,10001,629434,2019
3,1,1272,359,0,10001,289416,2010
1,3,3070,596,1,10001,440702,1993
5,3,3845,993,1,77005,757738,1981
5,3,2300,699,1,10001,619823,2025
5,3,2762,408,0,94102,655411,2015
5,2,2867,332,1,10001,639882,2020
2,3,630,580,1,10001,271081,2006
4,1,1966,632,0,94102,423209,1991
4,2,2000,808,1,77005,498277,1982
2,2,1753,930,1,90210,389464,1989
3,3,1216,588,0,60614,349086,1985
3,2,1138,782,0,77005,318199,2000
5,3,3386,631,0,10001,657132,2014
1,1,3673,473,0,90210,399927,1996
3,3,1470,550,0,60614,396941,1998
1,2,700,333,1,60614,194689,1999
4,1,3729,265,1,60614,576642,1984
1,3,2012,838,0,94102,391129,2007
4,1,3339,404,1,94102,590961,2021
2,1,1540,497,1,90210,308082,2021
2,2,940,316,0,10001,253223,1985
5,1,3508,466,0,90210,648871,1999
3,2,1643,993,0,10001,395918,1998
5,1,3926,348,1,77005,690350,2000
4,3,3988,393,0,60614,695324,1999
5,1,637,879,1,60614,398155,1977
1,3,1259,378,1,94102,256179,1984
4,3,2633,347,1,77005,542052,2005
2,1,2160,664,1,77005,406709,2025
3,3,2256,768,0,10001,478244,1998
4,1,3575,204,1,77005,567946,1978
4,1,1649,725,0,94102,416525,2011
1,3,1053,479,1,10001,236423,2009
3,3,2304,698,0,90210,485527,2000
2,2,1946,635,0,10001,360166,2006
4,3,3384,415,0,90210,618968,2001
4,2,1418,886,1,10001,441136,2013
1,3,1372,714,1,60614,295115,1993
5,1,612,336,1,90210,354208,2001
2,3,3562,811,0,94102,579163,2018
3,1,1520,794,1,90210,405796,2021
4,1,1424,479,1,90210,421473,2020
4,1,3018,331,1,10001,539887,2003
2,2,1914,592,0,60614,331292,1996
5,3,2979,680,1,10001,685510,2012
4,1,2908,712,1,10001,543101,2003
2,1,2617,827,0,60614,419635,2015
1,2,1828,618,0,10001,267326,1995
5,3,1296,401,0,60614,492921,2020
3,3,3334,851,0,94102,657817,2015
4,2,1549,857,0,60614,435624,2013
2,2,3034,661,0,77005,497902,2014
1,3,3468,977,1,60614,574567,2024
3,2,3115,401,1,60614,512090,1991
2,3,2038,351,0,77005,327846,1990
2,3,668,421,1,60614,290760,2009
3,1,3775,278,0,90210,545986,1998
1,1,2381,399,1,10001,332276,1998
1,3,3832,961,0,10001,551347,2004
5,3,2847,298,0,94102,625796,1988
4,3,2863,412,1,94102,603949,2019
3,3,2569,342,1,77005,558417,2011
3,3,811,901,1,90210,364110,1994
3,3,1107,588,1,94102,405329,2015
1,2,2663,573,1,10001,397081,2002
4,3,2121,251,1,94102,533866,2023
5,2,3531,823,1,94102,656457,1996
2,2,931,334,1,60614,268260,2020
2,3,3364,610,0,94102,577453,2024
3,3,1150,669,1,77005,389112,2012
4,2,2224,311,1,10001,450452,1985
1,2,1541,724,0,77005,269615,2008
4,3,2903,984,0,77005,572654,1982
4,3,3639,944,0,90210,670321,1995
1,2,1327,243,0,60614,226165,2013
3,2,1479,596,1,77005,406161,2000
4,2,3462,784,1,90210,621564,1982
2,1,3843,460,0,10001,498389,2014
1,2,1248,942,0,10001,295622,2008
5,1,1599,744,1,90210,483184,2017
3,3,2121,587,1,77005,458569,1977
1,3,3118,675,1,77005,486684,2005
5,2,3337,609,1,60614,650498,1978
5,3,2212,779,0,60614,545279,1977
4,3,3347,215,1,10001,618065,1986
4,3,3154,861,0,60614,603465,1983
4,3,3639,301,0,90210,653192,2002
1,1,1609,385,0,10001,223435,1992
1,1,2150,224,1,77005,308399,2018
3,2,1403,271,0,10001,291609,1982
4,2,3478,792,1,94102,630295,1993
5,2,3996,772,0,10001,730692,2003
2,3,813,217,1,60614,322127,2013
3,3,3879,953,0,90210,637137,1977
1,1,768,769,0,77005,167756,2012
3,1,3951,531,1,77005,583356,2012
3,2,1577,768,1,60614,411448,2010
3,1,1928,296,0,60614,324701,1977
3,1,745,926,0,60614,252430,1988
2,1,2398,211,1,94102,342387,1987
4,1,1115,210,0,90210,320428,2000
5,1,3761,362,1,94102,678922,2000
3,2,1052,482,1,60614,314503,2025
3,2,659,928,0,90210,317192,1994
3,1,3982,440,1,60614,597117,2011
4,2,1127,244,0,90210,352218,2005
1,3,3898,792,1,77005,585155,2008
1,1,1623,454,1,94102,246874,1996
2,3,3121,266,0,60614,482462,2013
1,2,2164,813,1,60614,328613,2002
3,2,3404,802,0,10001,575408,1996
3,3,3429,241,1,77005,624144,2024
3,2,1702,987,1,60614,418289,2007
2,1,1032,985,1,94102,277876,1979
3,3,1776,583,1,77005,419466,1982
1,1,1000,788,0,60614,199960,1979
4,3,3950,433,1,94102,678502,2001
4,2,2704,913,1,10001,520454,1976
5,3,3650,684,1,10001,730927,2012
1,3,2833,932,0,94102,456908,2020
3,1,3045,973,0,77005,545171,2014
4,2,1204,238,0,94102,379166,2006
1,1,3435,210,0,94102,396815,2003
4,2,2805,823,1,10001,567873,1996
3,1,2410,608,1,10001,428838,1996
4,3,2063,307,1,10001,473574,1988
5,1,3236,293,0,60614,587655,1996
5,2,3113,283,0,60614,591632,1985
4,2,3093,257,1,90210,552836,1996
1,3,2373,492,1,60614,366372,1990
1,2,3448,215,1,77005,448841,1977
1,1,2153,676,0,77005,304568,1992
4,3,1696,804,1,10001,518673,2010
1,2,1528,364,1,94102,267324,2002
3,2,2551,636,0,10001,462145,2012
5,1,2573,926,0,94102,547121,2000
3,1,2664,855,1,10001,517696,2018
1,3,2154,985,0,10001,359641,2012
3,2,3378,602,1,77005,591794,1995
1,1,925,585,1,94102,193546,2024
4,3,1594,337,1,90210,449843,1978
3,2,1212,915,1,90210,368540,2022
4,2,3193,921,0,10001,613446,2025
4,3,1195,730,0,10001,385850,2006
2,3,1520,492,0,77005,390675,2012
1,1,1441,674,1,94102,245296,1986
5,2,1825,661,1,10001,529223,2001
1,2,943,572,1,90210,214042,2001
5,2,2476,361,0,94102,555034,2023
1,3,1458,841,0,10001,339380,2021
4,1,2023,243,1,94102,398387,1988
3,2,3889,282,0,77005,584657,2000
3,3,1044,835,0,90210,322135,1986
2,2,2388,738,0,94102,401178,1988
5,1,821,718,0,90210,322661,1988
5,2,1191,610,1,10001,441988,2022
5,1,1630,540,0,60614,446803,2019
4,1,1895,910,1,94102,463295,1996
5,2,1617,823,0,90210,473223,1996
3,2,2663,288,1,94102,507371,2007
4,1,2047,839,1,10001,483663,1987
1,3,2645,429,0,10001,385777,1991
5,1,1123,217,1,90210,349581,1986
5,2,3450,872,1,77005,700913,1993
1,2,2668,480,0,94102,337968,1993
5,3,2875,621,1,94102,642484,2012
1,1,3655,877,0,10001,418328,1988
4,1,2408,971,1,94102,544613,2016
3,1,1911,901,0,90210,400591,1998
1,2,3456,537,0,60614,501815,2012
2,1,3805,465,0,10001,489924,1990
1,3,1906,554,0,60614,304820,1988
5,2,3051,559,0,94102,617553,2010
4,2,1689,990,1,77005,446744,2005
4,1,2272,416,1,90210,494573,1998
1,3,1036,520,0,94102,305132,1993
3,2,1428,918,1,90210,394223,2020
2,2,3581,864,1,94102,548153,1985
4,1,858,892,1,94102,358290,2011
5,1,2603,411,0,94102,526684,1982
5,3,2589,984,0,10001,667293,2023
3,1,702,402,1,60614,220438,1983
4,3,1592,916,0,77005,439428,1979
1,2,1368,352,0,60614,254463,1991
5,3,1724,881,1,60614,568626,2012
3,3,1821,628,0,90210,459046,2024
4,3,3460,952,0,10001,665793,1997
4,2,2873,486,0,10001,580757,2022
4,1,3590,956,0,94102,634955,2000
4,2,3110,520,0,60614,601075,2014
4,1,836,635,1,77005,358335,2024
5,3,3697,791,0,90210,740310,2009
3,3,1744,695,0,10001,413801,1991
4,3,3153,803,1,94102,636527,2016
2,3,3853,348,1,77005,559667,1978
2,3,3461,741,0,60614,549873,2004
3,1,1366,834,1,77005,299338,1985
1,1,3281,681,0,10001,415648,1983
1,3,3986,525,1,90210,578739,2005
1,2,1590,228,0,60614,277276,2011
2,2,3265,458,1,90210,508094,1991
1,3,2359,897,0,77005,370231,1978
5,1,2920,274,1,77005,570418,2005
4,2,2879,756,0,94102,584678,2005
2,2,3415,780,0,60614,499324,2005
3,2,1095,697,0,77005,289481,1982
3,3,1647,615,1,10001,428412,1994
4,2,3780,921,1,10001,703465,2021
2,2,2326,950,0,90210,420701,1987
1,2,3149,539,0,10001,409641,2017
1,2,2672,507,0,77005,383595,2008
5,1,3858,903,0,10001,668342,2005
5,3,2935,814,1,60614,699305,2018
1,3,937,440,1,90210,254374,1982
3,1,2537,452,1,60614,448389,1992
3,1,3708,419,0,77005,551593,2016
5,3,2417,596,0,77005,556528,1985
4,2,736,535,1,10001,344113,2002
1,2,3155,928,1,94102,431077,1986
5,3,2874,913,1,94102,661865,2002
5,2,919,228,1,77005,382282,1994
1,1,2463,693,0,77005,301317,1993
1,2,1515,923,0,90210,278262,1988
3,2,1805,701,0,77005,391706,1982
4,2,2497,353,1,77005,528338,1977
4,3,2733,430,0,90210,543136,1992
1,1,1525,301,1,60614,214745,2015
2,2,2700,376,1,60614,450106,1995
5,3,3507,892,1,90210,751855,2008
5,2,3514,431,1,90210,698790,2003
1,1,1858,211,1,60614,299776,2004
2,2,2582,385,0,60614,425160,1983
3,1,1032,960,0,60614,294664,2008
1,2,1598,465,0,60614,285011,1986
1,1,2747,334,1,10001,333839,1979
5,2,1589,956,0,90210,492668,1985
1,1,1198,230,1,94102,185489,1979
1,2,3050,655,0,10001,390295,1987
1,2,995,458,1,94102,251607,2006
5,3,1014,303,1,94102,450427,2013
3,3,1538,630,0,77005,418475,1981
3,1,2236,581,1,90210,432385,2025
1,2,3324,668,0,10001,452710,2022
5,1,3110,712,0,90210,590342,2002
3,3,1140,406,0,60614,369204,1990
3,1,2249,846,1,90210,395856,1990
3,1,2545,646,1,94102,456061,1981
5,3,3801,982,1,60614,819847,2024
5,2,683,288,1,90210,377312,1998
1,1,870,394,0,90210,153838,2000
4,3,2891,613,1,94102,604347,2003
3,2,987,321,0,60614,288301,2011
4,3,813,661,0,94102,422315,1990
5,1,3465,315,1,90210,644646,1999
5,2,3837,395,1,10001,699039,2020
5,2,658,235,0,10001,337406,1991
4,3,2225,266,1,77005,506382,1987
5,3,3530,844,0,10001,672311,1988
1,3,1442,480,1,60614,259113,1991
5,2,3571,678,1,77005,686875,1990
2,2,2127,210,0,60614,394319,2016
4,1,2329,929,0,10001,498654,1996
2,2,722,521,0,10001,217055,1985
5,1,2036,867,1,90210,499459,1988
1,3,1762,439,1,60614,326183,1997
3,3,3900,259,1,94102,635792,1983
5,2,3945,849,0,90210,683814,1987
1,3,3086,761,0,60614,422101,1976
4,3,3669,878,1,77005,705244,2022
2,2,1161,364,0,60614,285455,2021
2,1,2765,388,1,77005,436810,2022
2,2,2337,686,0,77005,392501,1990
4,1,1504,291,1,10001,379430,1981
1,2,994,488,1,94102,198543,2010
4,2,2326,708,1,60614,486971,2001
2,3,3523,274,0,94102,529696,2012
5,2,2316,756,0,77005,586671,2015
3,2,1534,627,1,10001,368711,1997
4,1,1701,584,1,94102,410478,1992
4,3,3599,252,1,90210,659062,2004
1,1,2035,374,1,77005,310521,2012
1,1,674,872,1,90210,214291,2002
4,3,894,778,1,94102,409192,1987
2,3,620,673,0,94102,280599,2000
3,3,3842,560,0,94102,607664,1983
1,2,1638,469,0,60614,291720,1990
2,3,1834,606,0,77005,367132,1987
5,3,1159,323,1,77005,432943,2010
1,3,1709,893,1,77005,382717,1988
2,1,1772,575,1,60614,320873,1994
2,1,971,591,0,94102,262245,2020
3,2,2627,381,0,94102,437377,1992
3,1,1417,235,1,90210,385392,2018
5,2,1774,411,0,60614,463084,1996
2,1,1764,333,0,10001,289345,1999
2,3,1692,889,1,60614,382068,2019
3,1,1883,877,1,90210,408441,1999
1,2,2611,690,1,90210,390969,2001
1,1,1445,637,0,90210,180478,1980
4,3,2591,245,1,94102,534998,1985
3,2,1120,867,1,10001,368245,2011
4,3,970,600,1,90210,403050,2001
3,3,2042,687,0,77005,421132,2004
5,2,700,631,0,94102,400365,2008
2,3,1260,627,1,10001,325997,2014
5,3,2281,947,1,77005,626234,2003
3,1,3615,771,0,10001,524941,1981
2,3,842,716,0,10001,290552,1987
1,3,3400,661,1,77005,504331,2001
1,3,1111,380,0,60614,262407,2016
4,3,3496,344,1,10001,668325,1996
3,2,3202,464,1,60614,543094,2016
3,1,3766,934,0,10001,548384,1992
1,3,2873,605,1,77005,438664,1980
5,3,2141,683,1,10001,564969,2013
2,2,2861,681,0,90210,436174,1997
5,3,3365,436,1,90210,644716,1988
5,2,2714,724,0,10001,600636,1985
1,1,995,538,1,77005,157346,1981
1,1,1211,467,1,77005,218364,2017
1,3,3683,465,0,94102,493748,2013
4,3,1860,727,0,77005,468641,1989
5,3,2457,291,0,60614,584391,2012
3,2,1369,447,0,10001,349769,1989
2,3,2022,218,0,90210,368660,2017
4,3,1006,589,0,77005,401031,2018
